pair_key,label,country,emb_0,emb_1,emb_2,emb_3,emb_4,emb_5,emb_6,emb_7,emb_8,emb_9,emb_10,emb_11,emb_12,emb_13,emb_14,emb_15,emb_16,emb_17,emb_18,emb_19,emb_20,emb_21,emb_22,emb_23,emb_24,emb_25,emb_26,emb_27,emb_28,emb_29,emb_30,emb_31,emb_32,emb_33,emb_34,emb_35,emb_36,emb_37,emb_38,emb_39,emb_40,emb_41,emb_42,emb_43,emb_44,emb_45,emb_46,emb_47,emb_48,emb_49,emb_50,emb_51,emb_52,emb_53,emb_54,emb_55,emb_56,emb_57,emb_58,emb_59,emb_60,emb_61,emb_62,emb_63
brazil_72_76,1,brazil,-2.9507842,-1.3591884,1.1677812,2.8511689,-1.9566846,-2.4603488,2.3202128,1.5470917,2.0190582,2.726349,0.2905542,1.5450323,2.1639047,1.7624458,-1.4689295,-1.2814914,-3.866067,1.9883739,-0.7006995,-1.3021436,2.568933,0.8570446,-0.17106278,1.46733,2.2099738,-1.9748037,-1.6197492,2.533648,0.68366504,-1.1875278,0.48544818,0.9064358,0.28457773,1.5298445,-1.3874242,0.98244053,2.6752205,-0.69093084,0.7872547,-1.6165076,-1.6346287,-0.16367918,1.0072619,2.795983,3.1316469,-2.072694,0.22976702,1.5392704,0.55569243,1.1810937,0.22907363,0.83437306,-0.98302096,-0.41930813,1.72972,2.594274,-2.9740202,2.1016371,2.881875,1.3684598,-2.0490632,-1.2382451,0.72567666,1.8996559
brazil_50_76,0,brazil,0.37848648,-0.8162663,-0.94200647,0.064669885,0.1117777,0.7178619,-0.77300817,-0.6547099,-0.40242153,-1.0921855,0.7033889,-0.2563984,-0.6354098,0.02256753,-0.060329244,1.3892345,1.7168107,-0.7438617,0.7002188,1.0074717,0.2316508,-0.8235397,0.5520658,0.18328714,-1.3074179,0.57581675,0.16678116,-0.84593606,-0.871517,-0.018559478,-0.75527525,-1.6150634,0.24470562,-0.56693244,-0.04082142,-1.2181479,0.08927502,1.9887758,-1.2289208,-0.74417055,-0.45553178,0.8611378,-2.4863386,-1.1695547,-0.7011578,2.5507426,-0.7469484,-0.38610262,-1.0223292,-1.2242296,1.3934672,-0.8910557,-1.0224639,0.36498386,-0.7913139,-0.32023385,2.076634,-1.7657914,-0.7346784,-1.7081198,0.9520657,0.30076867,-0.6923899,-1.9115866
brazil_75_76,1,brazil,-0.93639183,-1.3515214,0.51367414,1.0168597,-0.5219233,-0.7071837,1.7303863,0.34683982,1.208653,1.139765,1.2175831,2.1321936,0.9187613,1.3696431,-1.2658811,0.2338787,-1.5410856,0.75477195,0.16911831,-1.1531963,1.2413597,0.7987405,0.49315345,0.81260324,1.7510458,-0.8714443,-0.6279575,1.1243374,-0.7215655,0.22133999,1.1789714,0.8281221,-0.7522621,1.0804234,-1.2255423,0.29481182,1.8311462,0.44717866,-0.19397692,-1.1230773,-0.8892376,0.016033659,-1.2287406,0.8106282,0.9128617,-0.51433843,-1.0949095,0.53992224,-0.40383643,0.86370945,1.436616,1.2024741,-0.04657002,0.62776434,1.7921624,1.356331,-1.0194008,-0.568763,1.2531897,-0.09183001,-1.3717006,-0.561751,0.08768991,-0.1583296
brazil_76_78,1,brazil,-2.5854151,-1.7507563,0.023454538,1.7338527,-0.94658625,-0.93569016,1.2844611,0.26694867,1.9683911,1.9884884,-0.42356294,0.59542805,0.24256611,1.5981928,-3.0023751,0.4697114,-1.732207,2.7124128,-0.595052,-1.8539232,0.6090943,1.4686171,-2.5465727,2.633351,1.7648162,-2.5426939,-0.72039604,1.6890177,0.22851934,-0.41509226,0.17052217,0.7196289,-1.1331456,1.2823493,-3.3988552,2.2349179,3.1941438,-1.1756703,-1.3430657,-2.0537214,-0.4055214,1.0730759,-1.8216965,0.57389385,0.8856589,-0.87689185,0.8485181,0.49341092,-0.07311889,0.23650908,-0.37282994,0.99637705,-1.3333176,-1.3065398,3.1634336,0.95994323,0.4286039,1.3619802,0.9310608,1.4225891,-1.582909,-0.764838,0.97175765,0.22608006
brazil_76_80,1,brazil,-2.417206,-1.9523281,-0.054676678,1.809695,-1.3075467,-1.168251,0.9245154,0.29604784,1.488627,1.9036766,-0.603562,1.1030416,0.663729,0.7594247,-0.055812832,-0.46778214,-1.1285095,2.8917472,-0.64384854,-1.4604896,0.17239292,0.24000703,-1.1979353,1.6340363,1.3456472,-1.8558677,-0.3753553,1.5679185,-0.07089322,-1.1184096,0.3398124,0.9725538,-0.72775364,0.56336665,-2.2226975,1.5414735,2.2029686,-0.6375527,-0.094334625,-1.1601876,0.28602892,1.8517056,-0.5794755,0.11507661,0.6558013,-0.19389021,0.9189563,0.53264606,0.49708647,1.1429676,-0.45264632,0.035129465,-0.39416468,-1.5230203,1.0594115,0.40721425,0.3019607,1.040042,1.5450416,0.07807799,-0.97539395,-0.59199834,0.36857262,0.42307517
brazil_72_78,1,brazil,1.1172464,0.31957307,-0.995733,-0.16198237,2.0370731,1.5654808,-0.87409306,-1.7156757,-1.8993933,-2.768249,0.27175078,-0.16464491,-1.1408355,-0.11838248,0.71839553,1.8821164,1.7290449,-1.9519149,1.893156,1.7743193,0.34194988,-1.1210552,0.98506385,-1.073398,-1.3144891,0.63386333,1.7959669,-1.564752,-2.2482488,0.7691504,-2.4848132,-2.724213,2.2082298,-2.5683308,0.72367156,-2.1760755,-2.1758664,2.213977,-2.886613,0.39127186,2.2390578,1.844088,-2.544603,-2.124956,-1.7489877,3.0989423,-0.45125592,-2.5276747,-1.62321,-3.0212953,1.7346513,-0.9796091,-0.48682222,0.5811753,-1.2356528,-1.9313711,2.704069,-2.122319,-0.8526688,-1.0618123,1.6961312,0.8821452,-1.5338259,-2.295774
brazil_50_53,0,brazil,0.13156939,-0.40656796,-1.036846,0.882881,0.9873269,0.5899768,0.447706,-0.7656891,-1.6482058,-2.012106,0.576032,0.7108551,-0.17192753,-0.29598492,1.3019083,1.5362433,1.4903977,-1.5377556,1.0677401,0.4913221,0.6962679,-1.3959026,1.7489802,-0.2322576,-0.89714617,1.050394,0.21374297,-1.2224889,-1.0723271,-1.0206757,-1.2607688,-2.778964,2.4316416,-1.3617514,-0.12446814,-0.7332318,-0.52713215,3.1003866,-1.0624523,-0.7253948,0.6842565,0.46428266,-1.864945,-1.6242174,0.38412374,2.2360394,-1.4422543,-0.7172859,-0.024643112,-2.0173757,1.7283581,-0.8015309,-1.8658491,0.11436484,-1.2221203,-1.2549485,2.0280626,-1.4441767,0.01037123,-1.2655902,0.83045554,0.05733257,-1.4215773,-1.6408656
brazil_50_78,0,brazil,0.1492643,-0.62496245,-1.4374304,0.18054439,1.2037401,1.2246087,-0.16040431,-1.6109121,-0.8954664,-2.7898064,0.2190846,0.31651482,-0.55304664,-0.117668,1.2284949,2.034881,0.71161485,-0.6861116,0.96545017,1.1391013,-0.19405194,-0.76207364,2.0667708,-0.063649945,-1.416747,0.75598526,1.2105682,-0.30005336,-1.528555,0.0398379,-0.742421,-1.9829971,0.82967675,-1.2217842,0.48780534,-0.2693024,0.03460974,2.3665643,-1.8839773,-0.19711024,0.7622567,1.1760732,-2.5018623,-1.8801543,-1.0759209,1.5714744,-0.85638756,-1.0950426,-1.399812,-1.3785952,1.8190393,-1.8179576,-0.35809126,-0.04479745,-0.54064673,-1.264745,1.5946271,-2.198585,0.5284091,-1.5331537,0.7813848,0.33935937,-1.5887803,-2.18281
brazil_78_80,1,brazil,-1.1693041,-2.708751,1.5780265,2.0454347,-1.3880045,-1.6179293,2.566243,2.4376616,2.5722983,2.1257584,-0.14515159,1.5297668,2.432464,1.361129,-1.5261886,-0.6995139,-1.8012602,2.066635,-1.5025548,-1.5524019,0.48397815,0.69292307,-0.3020905,1.4724047,1.6270521,-2.3272054,-1.1142602,1.4536726,0.32244536,-0.79631144,2.0958884,-0.1614729,-0.713584,1.8049849,-2.432207,2.165838,2.582635,-0.65062976,0.3781062,-0.19830024,0.084927544,0.58418804,-0.111693315,0.8707454,1.3360668,-1.5696837,0.73166835,1.3943793,1.082214,1.0436499,-0.18461898,0.13461882,0.46609044,-1.7766736,2.470432,1.6854268,-0.70649326,1.4127644,2.61897,1.4750007,-1.4356276,-1.7897686,1.6707256,1.2174134
brazil_17_79,0,brazil,-2.8139904,-4.1819143,1.1610641,2.637329,-3.535038,-3.8717844,3.0405362,3.521578,3.8548036,2.9433968,1.3934447,3.0714412,2.705035,1.2797303,-1.1183956,-1.5553493,-3.0051792,3.8049629,0.7391891,-2.2626643,-0.53929704,2.5803773,0.40199438,2.6071172,3.6832495,-3.2793858,-2.3708177,2.2018864,1.3310034,-0.65020895,2.2782147,1.7630861,-1.2707263,2.634938,-3.5985405,2.1404638,3.1780334,-0.71885216,-1.4854226,-1.618146,-0.8044234,2.9170177,-0.054109577,1.516054,2.1361613,-1.9638891,2.3742049,1.1282514,1.6692314,2.9295492,-0.10798361,2.9862678,-1.1020021,-2.0943809,2.623377,2.5309858,-1.0423378,1.7916151,1.7429581,0.8671826,-2.6364007,-2.6929915,3.082524,2.445306
brazil_1_79,0,brazil,0.30290857,-0.30961353,0.34670523,-0.016116781,-0.41470945,0.4413501,0.10072955,0.17699009,0.51212424,-0.07301301,-0.64170176,-0.17586656,-0.29093635,0.19219871,0.117123425,0.4574993,0.30890507,-0.5636311,-0.076964505,0.10919526,-0.13999699,-0.39039773,-0.1808841,0.3980172,-0.5542801,-0.72891515,-0.12625569,0.3158764,-0.41669342,0.21510838,0.46672797,-0.7491649,0.35932094,-0.40952617,-0.9257936,0.45986474,0.7604412,0.88795424,-0.032820344,-1.110482,0.016206676,1.7449797,-1.1121142,-0.69132787,-0.43208885,1.3062186,0.55137426,-0.12702662,0.016842984,-0.9601576,1.2293038,-0.3547418,0.26648605,-0.073312774,0.102915615,0.43815967,1.459423,-0.35846812,1.2183843,0.17514057,0.12163387,-1.3125275,0.38540617,-0.29078928
brazil_2_79,1,brazil,-1.0293896,-2.2041268,0.5436876,1.3134731,-1.7081716,-1.7195143,1.8891907,1.4266521,1.9414225,1.9921454,0.46310675,1.7212687,2.1921203,1.24138,-0.22565795,-1.4482788,-1.9921179,2.8442922,-0.9222535,-0.22765724,0.053445663,0.9500512,-0.77151716,1.3704486,1.9318441,-1.3486005,-0.47112575,1.1162994,1.0150366,-1.4087231,1.2044742,1.0412167,0.12744494,1.653104,-1.7948121,1.50927,2.0126684,-1.7259235,0.5982723,-0.76914847,-0.6303497,1.2035564,-0.7451427,0.84656894,1.2580006,-1.2056873,1.7345283,1.2701528,0.8042474,1.5835856,-0.8274714,-0.2309166,0.509496,-1.7943048,0.7765092,0.9893838,-0.67352444,1.3334639,1.3284619,0.26139387,-1.8041602,-2.631083,1.3935564,1.3723019
brazil_1_17,0,brazil,0.08990154,-0.17822473,0.17010653,0.12662008,-0.9959362,-0.43345758,0.23502944,0.5065465,0.3654597,0.32891452,0.7546261,-0.007897556,0.6563624,0.7540357,0.2623038,-1.1219814,-0.8039869,0.48082548,-0.4954525,-0.7048194,-0.19573483,-0.8547801,0.21607302,0.76046824,-0.060655396,0.17891218,0.21625365,0.46536165,0.8185388,0.30309495,0.53109044,-0.31620675,-0.35709766,0.22247122,-0.4092928,0.38439068,1.1732476,1.1803017,0.5352016,-0.71592444,-1.0002764,0.13826178,0.37397859,-0.00042634923,0.38090572,0.48068067,-0.30029112,1.1431613,0.55907375,-0.007242578,-0.049385212,0.09779999,0.15538503,0.26189625,-0.034539305,0.45134816,0.9353218,-0.017628144,1.0624065,-0.37232324,-0.3179783,-0.8767523,0.54929954,0.06285621
brazil_2_17,0,brazil,0.8621304,-0.33336577,-0.8249806,-0.48002496,0.8713471,0.9748047,0.3755752,-0.32412893,0.60262036,0.10272241,-0.6568646,-0.7002405,-0.7302277,0.53428584,0.6069851,1.3296349,-0.051050298,-0.1542389,-1.0267462,0.24471536,-0.741122,0.03958591,1.1013178,0.50866026,0.15577815,-0.0268443,1.7829217,-0.14256625,-0.16379225,0.9880609,-0.76199704,-0.20748928,0.8112001,-0.34948212,0.42000672,-0.4689746,0.08833814,0.31482333,-0.86936176,0.23452939,0.54059225,1.6032882,-0.37670913,-0.15564135,-0.49284783,1.2268008,0.42798606,-0.5107901,-1.2388612,-0.72830313,0.49613312,-1.2762629,0.98872465,0.06767559,-0.69449806,-0.25069478,1.3114052,0.9350489,0.6591145,0.23438483,0.58749896,0.7943013,-0.9870086,-0.51744515
brazil_1_2,0,brazil,0.8342876,0.24266587,-0.4032746,0.591621,-0.32646826,1.0673862,-0.4735186,-1.2817693,-0.60162127,-0.75981504,-0.5779248,-0.66966146,-1.5846931,0.41268182,-0.61134595,1.3224826,0.6934951,-1.2563975,1.2214969,-0.018720347,-1.131293,0.78678983,-0.2770498,0.15928,-0.10453896,-0.47677702,0.66278654,-0.25468406,-1.2392505,1.3216028,-1.0940566,-1.0386982,1.3690237,-1.6916333,-0.86541694,1.3909863,0.28077567,1.9210999,-1.2098078,-1.4391137,1.3546578,2.662308,-1.0679749,-1.531266,-0.62471944,1.014735,-0.94106126,-0.40534246,-1.7496309,-1.3197784,0.86832714,-0.6197615,0.1800795,0.8876796,1.5083507,-1.234448,2.328945,-1.547748,0.93036073,0.48455834,0.094703436,0.47345072,-0.46759704,-0.99579525
brazil_71_76,1,brazil,-0.76190317,-0.80377275,0.823153,3.250035,-0.5315659,-1.3013651,2.5383942,1.1328313,2.324704,1.8475771,0.004413748,1.402231,1.5923485,3.5251794,-2.7305994,0.23246293,-3.5470834,2.025231,-2.2768981,-2.6345327,1.6476693,2.4705458,-1.383295,3.5261564,0.6648485,-3.4805713,-0.96643937,1.1752125,0.36199278,-1.2812591,0.89663744,0.29452306,-0.6982324,1.8224221,-2.4968596,1.5205262,2.5900645,-2.1998441,0.71788263,-0.58314574,0.8181456,-0.048376497,0.70582503,2.1978765,1.5468013,-0.71591777,1.395294,0.565983,-0.75572956,-0.44396505,-0.98819697,0.19784628,-1.5478247,-0.16158117,2.476058,1.1052631,-0.4028711,2.7902818,3.1762502,3.6778276,-2.0081646,-2.5808287,2.0539563,1.528583
brazil_12_76,0,brazil,1.4166602,0.02592318,-0.91917294,-0.23102239,-0.3029848,0.86645514,-0.9296978,-1.8333888,-1.4036758,-2.2192247,-0.53719074,-0.38663104,-1.7357464,-0.7836406,1.2302146,2.0174587,2.055458,-1.7857372,1.9796757,1.5767453,-0.4269837,-0.74100703,0.8491625,-0.3797875,-1.8001456,1.1621451,0.5148437,-1.6987462,-1.9794294,-0.19410266,-0.32243994,-2.8035572,0.6948911,-1.641676,0.2956732,-0.66633224,-0.49564034,2.57077,-1.1625949,-1.137939,0.29790258,1.5727037,-2.1726155,-2.1811664,-1.295975,2.1150506,0.008018797,-1.2819415,-1.3739648,-2.3969064,2.9395587,-0.9950643,-0.6651533,0.83163774,-0.6247773,-1.0068376,2.4686172,-2.3588526,0.34134102,-1.2500969,0.5663616,-0.73483336,-0.88606066,-1.7696918
brazil_69_75,1,brazil,-1.0913538,-1.5628535,0.7121779,1.8492604,-0.7564883,-1.2172375,1.7109202,1.6947441,1.7972008,0.5731022,-0.31915614,1.4602582,1.660971,-0.08718575,-0.28545254,-0.47863865,-0.9682915,1.3016689,-0.50293535,-1.2236012,0.6398085,-0.11367895,0.6319339,0.10499129,0.6381751,-1.159326,-0.8022518,1.5696306,0.6304412,-0.14849174,1.7289603,0.23163597,-0.15368901,0.3392929,-0.66673976,1.2486311,0.8482034,0.78263724,0.8365214,0.28788447,-1.2300615,0.32919827,-0.4106488,0.12006681,0.35530406,-0.36179757,-0.26411623,0.36257657,0.80286324,1.3509241,0.9962709,0.5282951,0.23526423,-1.0253984,1.2995428,0.45478952,-0.860565,0.4457938,1.4766511,-0.037529558,-1.1635144,-0.88824373,0.38025883,0.6396036
brazil_69_72,1,brazil,0.34654933,-0.45790213,0.36755693,0.5966779,-1.0779883,-0.64931786,0.7394559,1.2266705,0.92281914,1.0110667,0.49759683,0.41957107,0.8367744,0.65996724,0.5670995,-1.0361267,-0.75280297,0.9540167,-0.6217092,-1.0806649,-0.040292535,-0.56460786,0.8132618,0.79902035,0.5984391,-0.1889735,0.07375572,0.8990357,1.0689183,0.33383694,0.74668247,0.29750994,0.2544652,0.44776186,-0.80139476,1.0018438,1.901081,0.77516955,1.2012777,-1.0212168,-1.0180709,-0.07893285,0.6383713,0.2786727,0.9276278,0.7554859,-0.35068423,1.7242185,1.4049875,0.5997897,-0.42488226,0.18470836,0.17651595,0.051789038,-0.14378017,1.1588478,0.6661748,0.5811259,2.0840907,-0.8682321,-0.68179554,-0.79728717,0.29227984,0.57893074
brazil_69_76,1,brazil,0.8013966,-0.9876737,1.2117816,1.641033,-1.4675179,-1.1693729,1.4074073,1.8516749,1.4977295,1.285372,0.83912736,-0.10539211,0.95051,1.2625782,-1.0301378,-0.50371295,-1.1369861,0.7287082,-1.7963338,-0.43694633,-0.58020955,0.77102816,0.5215619,1.8840013,-0.2175029,-1.3145533,-1.1974951,0.09176475,0.6855088,0.28826213,1.1877377,-0.5900891,-0.4228306,0.9817078,-1.7213469,1.6136353,1.6190455,-0.38302404,1.0509872,-0.60169744,-0.23620002,0.12338965,0.1731312,0.31669292,1.1782781,0.22674367,0.33135697,0.9050592,0.6790754,0.812879,-1.0373284,-0.06482309,-0.24934244,-0.39150232,1.1444299,0.95684266,0.19339366,0.8945272,2.8508751,1.1079983,-0.95147115,-1.6956018,1.0003511,0.92838776
brazil_70_76,1,brazil,-0.33632606,-0.7468465,-0.1574871,0.9001963,-0.6733208,-1.2065778,0.4878556,2.041107,1.2487806,1.4128098,1.2552594,0.26971653,1.0116318,1.3569518,-0.4432719,-1.2417328,-1.4065796,1.6073153,-0.5891832,-0.8299349,0.6862331,-0.11179911,-0.7253148,1.5180709,0.2849941,-0.69793564,-0.48005643,0.39091074,0.68061626,0.004638371,1.00284,-0.05776463,-0.29482856,-0.108965494,-1.139439,0.2220268,1.6520774,-0.28838065,0.4642987,-0.39350083,-2.13925,-0.19726264,-0.3265978,1.1441486,1.2420863,0.6550154,-0.29983076,0.6190582,0.01446795,0.5782531,0.44866523,0.55451643,-0.2914676,1.0130295,0.52696556,0.869451,0.06967026,0.40732384,0.7098423,0.34413725,-0.87064385,-1.4272091,1.0414059,-0.07731018
brazil_69_70,1,brazil,0.126641,-1.3571838,1.4893501,1.8033576,-1.0907614,-1.411437,2.0566463,1.8351201,2.028286,1.6454041,-0.5282211,0.221995,1.1997416,1.7718551,-0.63816965,-0.791215,-1.2560925,1.1659276,-1.7859191,-0.6729938,0.584478,0.05341712,-0.39521965,2.0682187,0.34613138,-1.8908687,-0.9183567,0.76760364,0.9328744,-0.43148938,1.548156,-0.46006706,-0.2865289,1.7927222,-1.9330815,1.9999058,2.471293,-1.0399953,1.3799108,-0.6049015,-0.11674226,0.51176673,-0.16853587,0.6073956,1.70565,0.43678927,1.1399189,1.1019219,1.1665996,0.8566627,-1.3285199,0.06298486,0.15182479,-0.89230573,1.3952798,1.8203232,-0.31670088,1.1025509,2.6906185,0.80707645,-0.76970166,-1.6938548,0.8432279,1.7761269
brazil_64_81,1,brazil,1.1295408,-0.7427427,-0.76431787,0.2921128,1.3780141,1.0393327,-0.5395824,-0.18105826,-0.31023544,-0.2629783,-0.76051444,0.09555136,-0.40291947,0.09751867,1.3134973,0.6713736,0.5958075,-0.50859606,0.8235936,0.9061089,-0.6412921,-0.4993221,0.70066446,-0.3024066,-0.2098882,-0.42098418,1.2113729,-0.13762306,-1.5524646,1.0116097,-0.14719677,-0.6834843,0.29013768,-0.026333706,0.053839304,-0.33396247,-0.34464353,0.7573514,-1.0134089,0.946058,1.8781267,2.1235282,-1.1683925,-0.84960717,-0.9527092,0.59038913,0.26589486,-1.8238072,-0.8950062,-0.7609656,1.1664921,-0.75196475,0.35753274,0.1367817,-0.31636715,-1.7120451,1.0199863,-0.94104254,0.07436836,-0.28080213,0.55224717,1.5268492,-0.7977601,-1.014654
brazil_77_80,1,brazil,-2.3020062,-1.7027776,-0.047991622,1.3615687,-0.53031254,-1.8597971,1.6624173,1.2439477,1.9308202,1.2986118,-0.19942196,1.7201108,1.2226295,2.0981166,-0.7209377,-0.5814316,-2.038983,1.5333291,-0.11132747,-1.8360832,2.420997,0.20628564,-0.048786383,1.0408609,1.4828719,-0.935729,-0.3661706,1.5332127,0.147276,-0.2605705,1.808245,0.9646378,-0.90815765,0.7608096,-1.330858,-0.32040215,1.8822187,-0.18029447,0.79978454,-0.75840354,-0.48482776,0.06989245,-0.87352693,1.5836523,1.1853577,-0.40652868,0.28373668,0.22516908,0.7719437,0.73876256,0.16764115,1.3490273,-0.22269468,-0.8124023,1.4946954,1.2792398,-0.78696704,0.039528493,1.7506664,0.6581029,-1.4145106,-0.85373026,0.8004003,0.61138916
brazil_76_77,1,brazil,0.09061455,-0.30796322,0.7971001,1.3977269,-2.7097967,-2.3252494,1.4556878,2.684169,2.0084314,1.0497282,0.8138802,2.00795,1.1490259,1.8150439,-0.06639319,-1.2925162,-1.4681097,0.6802875,0.35599834,-1.0953176,1.1748735,1.4605349,0.7480832,1.5151635,1.6177598,-0.69867736,-2.0299647,1.2555405,1.0851212,0.42513055,3.5271957,1.3912655,-0.10682897,0.2063633,-1.1640682,1.1809913,2.5400722,-1.2787614,1.5304796,-2.0422418,-1.6500319,0.35764104,0.26046348,1.7066133,0.61476994,0.89628494,0.97868675,0.9985013,1.6070858,1.964809,0.8603606,2.5569022,-1.2337881,1.061957,-0.058210928,1.893317,-0.124802954,1.6882466,3.2764027,0.5123615,-1.7176708,-2.147125,2.6314714,2.5107148
brazil_70_71,1,brazil,-1.338618,-0.4195139,0.5568965,1.1996667,-0.5213673,-1.4984959,1.3741661,1.6538,0.7379449,1.3905293,-0.43750846,1.1479664,2.0489278,0.61662,0.08535406,-1.0996357,-1.4831014,1.369896,-0.54718626,-0.94124067,1.5201439,-0.123174585,-0.20073177,1.3829361,0.7885369,-0.5595209,-0.9365504,1.5519454,1.1779703,-0.9897132,1.1454798,0.7779119,0.1762918,0.77889466,-0.3386974,1.1034565,1.5853295,-0.23776945,1.0740259,-1.3732964,-0.5311047,0.79407746,1.3331215,1.601786,2.1914299,0.23062915,0.59035444,1.3870254,1.169964,0.69462824,-0.6634172,0.9983971,-0.85021114,-0.48175755,-0.6035209,1.4332685,-1.63916,1.919459,2.2505486,-0.59643644,-0.8933014,-0.5805591,0.27058637,2.049026
brazil_1_70,0,brazil,0.52389497,-0.78071487,-0.19196315,-0.12648626,-0.39935103,-0.6301055,-0.09910462,-0.4738757,0.78186154,0.35212615,-0.1796699,-0.19064718,-0.92459935,-0.20962162,0.2642272,1.0182035,0.1910087,-0.7664003,-0.729161,-0.3391306,-1.0800526,-0.32164282,-0.4897877,-0.5217478,-0.77274805,0.009044494,-0.07219192,1.7641237,-0.06731877,1.0292662,-0.7699036,-0.57228243,-0.36208457,0.15827781,-1.0078299,0.035886295,1.9573188,0.9513342,0.1653782,-1.116352,0.39396095,1.0645924,-0.6033016,-1.0095809,0.12079218,0.50314176,0.26193273,0.7815347,0.54401386,-0.17274603,1.0637065,-1.4502556,0.3651094,-0.57441753,-0.17349042,0.41103292,1.9984676,-1.3836831,0.10775377,0.006926872,-0.58653873,0.39940843,-0.07996301,-1.0406237
brazil_70_82,1,brazil,-1.010122,-1.9555237,0.22993201,0.26013392,-0.4234894,-0.9251217,1.0780791,1.2051766,1.0684993,1.022399,-1.0942074,1.2196424,1.0556829,1.0135478,0.22279568,-1.041748,-1.161444,1.1773194,-1.0995678,-1.0699953,0.7572756,-0.71325636,0.8007734,0.7258731,1.3911763,-0.51553,0.36924136,1.8102443,1.1135665,-0.004802645,0.6427578,1.1002036,-0.10521051,1.2623012,-1.1370955,0.91340077,1.8733927,-0.057805203,0.1570547,-0.50858736,-0.35511726,0.82409936,0.26166725,0.7506168,0.9933237,-0.43742573,0.5524594,1.7426765,1.1867124,0.66251814,-0.10643721,0.38151732,0.4764164,-0.9526461,0.38919297,1.3703103,-0.67790544,0.62810373,1.5641713,-0.6417316,-0.5316753,-0.34287018,-0.2891115,0.64743805
brazil_5_81,0,brazil,-0.20947322,-1.1644624,-0.6667958,0.10927522,0.4147261,0.62801415,0.115814365,0.49930462,0.6580567,0.6454111,-1.451077,0.025971029,0.13102368,1.2184496,0.17004582,0.72068703,-0.13050531,0.9603251,-0.99291474,0.22084218,-0.15748073,-0.14062075,-0.33522105,0.8080319,0.48794696,-0.82861054,0.82057434,1.2145008,-0.04674436,-0.0027130581,-1.229492,-0.28584886,0.47253507,0.06736469,-0.3845137,-0.17518342,0.15251794,-0.06954401,-1.0611054,-0.42291218,0.82824963,1.8038908,-0.62273353,-0.2564403,-0.11897375,0.9972247,0.02534069,-0.04572969,-0.52716196,-0.4616025,-0.40381262,-0.4860012,0.26383692,-0.56533134,-0.8763265,-0.7060545,0.5835756,0.896521,0.4973785,-0.45888466,0.64202636,0.43874258,-0.93074435,-0.5380893
brazil_74_80,1,brazil,0.30357888,-0.73666734,-0.3914776,1.1312776,0.13973689,-0.8018132,0.5256794,0.460741,0.0029454604,-0.110384785,1.0273101,0.9459344,0.47160792,0.34863198,-0.088924415,0.30062136,-0.22800547,0.6386996,0.31339422,-0.45225495,0.31388846,0.3608566,-0.17396651,1.5286173,0.24019173,-0.5713625,-0.54507095,0.5574903,-0.7955237,-0.24821474,0.90507585,-0.072509475,-0.12936781,-0.6309908,-1.196426,0.14022222,1.4093918,0.6944423,-0.46201855,-0.83383703,-0.9398277,0.107304394,-1.5753199,0.013972085,0.39321712,0.8965734,-0.08019027,0.06300125,-0.5217968,0.19471005,1.6802332,-0.35462144,-1.5223705,1.165386,-0.042073376,0.84914684,0.29891056,-0.18315172,0.9732974,-0.5779337,-1.0172092,-0.028341066,0.04668203,-0.23383301
brazil_74_77,1,brazil,-0.27321073,0.7297806,1.4604226,1.3842787,-0.40441516,-0.38710585,1.1070333,1.251848,0.4713261,1.2504009,1.2150985,0.9438032,0.48510125,1.2541094,-0.1763,-0.16718565,-0.62187713,0.7730225,0.7431257,-0.6210327,1.609725,0.58182144,0.52977425,0.6837975,-0.5020972,-0.6824263,-0.46256265,0.2666636,-0.4204974,-1.7991656,1.768181,0.2741437,0.38353142,-0.7338662,-0.5823976,0.51740295,1.2138848,-0.75870246,1.7584283,-1.0978315,-0.2367305,-0.37312713,-0.90578264,1.8525233,1.217381,0.48583043,0.17452481,0.7330852,1.10585,1.4568031,0.18839549,0.113198124,-1.5359311,0.13043892,-0.61046946,0.6677665,-1.6023785,1.0742075,2.321029,0.34464175,-0.35382506,-2.0182767,1.4901348,1.8933424
brazil_74_78,1,brazil,-0.285779,-0.6478147,0.39713305,0.3517672,-0.13649806,-0.730656,1.0249923,0.800947,0.80514544,0.77094847,0.22233069,1.087338,0.8510476,0.8072572,0.5597382,0.3526058,-0.6435135,0.9138757,-0.18217742,-0.80703014,0.23700471,0.20661995,0.39751187,0.8982761,0.73395,-0.62896407,-0.007959816,0.9434883,-0.16153806,-0.32463753,1.0902916,0.32543066,-0.5216443,0.6152997,-0.8272546,0.33151114,1.8219265,-0.14877477,0.4257575,-1.0110761,-0.4811911,0.38894284,-1.3711851,0.109455265,0.48374245,0.72956836,0.093778476,0.90661985,0.06833546,0.7601584,0.7587701,0.22091837,-0.018469714,-0.211184,-0.21288836,1.2395774,-0.100520484,-0.046028975,0.97916263,-0.94075924,-0.43020248,-0.61808854,0.18763119,0.42225328
brazil_77_78,1,brazil,-0.56305826,-1.1194786,0.8440143,1.8071039,-1.5148271,-1.2646397,1.469359,1.6807952,1.5245123,0.71405566,1.2336264,1.1912472,0.5545572,2.1489053,-0.19850154,-0.2893302,-1.8230666,0.8239463,0.8760398,-1.5574969,1.568974,1.0480298,0.5816699,1.5655241,1.1495838,-1.3692006,-0.55284697,0.22175775,-0.47244713,0.14997774,2.1088464,-0.1356067,-0.45359457,0.369054,-1.5759703,0.6988735,2.1628802,-0.21334168,0.6055075,-1.2258911,-0.752971,0.35754743,-0.7090186,1.3525289,-0.05547376,-0.42971846,-0.6093233,-0.6058364,0.32899228,0.3671907,0.8247533,1.6136966,-1.5850259,0.17986168,1.957159,1.5531646,-0.49044335,-0.17391823,2.2795467,0.90613633,-0.93521583,-1.9303439,1.4884889,0.88875055
brazil_26_79,0,brazil,-0.69579965,-1.1300856,0.50598097,0.5309832,-0.38111532,-0.8216674,0.6647566,0.9214172,0.90420437,1.1715672,-0.512538,0.6864019,0.8633886,0.6749486,-0.06934105,-0.81501585,-0.80172145,1.2074921,-0.7652537,-1.1290168,0.31544295,-0.68181366,0.29545984,0.42748165,0.70104843,-0.50032115,0.23967089,1.3165674,0.6543488,-0.24163504,0.86633056,0.71736944,-0.40484855,0.84966093,-0.5050347,0.6694852,1.6211066,-0.008334586,0.6191335,-0.82834035,-0.836492,0.5749499,0.16869618,0.3252751,0.9271235,0.25747442,0.300577,1.1820359,0.8848172,0.6206093,-0.16422719,0.21540219,0.3280863,-0.5781991,0.41043276,1.1556149,-0.26458222,0.5534573,1.5055319,-0.53221124,-0.30752808,-0.6083867,-0.13598806,0.9662665
brazil_17_149,0,brazil,-0.996249,-1.782626,0.64048934,1.1144634,0.09043824,-0.19358426,1.6683648,0.2789816,1.5547568,1.9364303,-1.577673,0.8736895,0.60519886,1.8540092,-0.9528298,-0.23893324,-1.5013311,1.2758691,-0.7287277,-1.762379,0.56498414,0.32715905,-0.3523821,0.51773626,2.2216315,-1.9050673,0.15711771,2.0795946,0.24722193,0.87896305,-0.55714613,0.17353748,0.84558755,0.3558062,-1.7596332,1.9961183,2.2781851,-0.070980474,-0.71395844,-1.2193177,0.12232171,1.4338754,-0.11463032,0.465586,0.9788543,-0.2382341,-0.15655674,0.9075517,-0.5451418,-0.12937985,-0.37593642,-0.08899274,0.8761979,-0.28751588,1.6389556,1.3335507,-0.23287317,1.3376634,0.9043213,0.50512505,-0.8027347,0.59297043,-0.12847349,0.13979073
brazil_64_79,1,brazil,-1.0379444,-1.9072019,0.4538942,0.23281303,-0.97712713,-1.0523059,1.2793763,1.4945824,0.8212827,1.1962535,-0.8366415,1.4502535,1.5373356,1.9620576,-0.18318158,-0.81364924,-1.6870059,1.3998713,-0.9483469,-0.5760618,1.1276516,0.17436846,0.81683415,0.59258944,1.0452472,-0.9819308,0.027666062,1.4611443,1.121924,-0.73316795,1.8516349,1.4240031,0.194258,1.13594,-0.7608151,1.514465,2.4077027,-0.9632436,0.6343552,-1.2987487,-0.17844649,0.97448057,0.05633425,0.8423648,1.0231683,-0.6952393,1.1387899,1.3277897,1.0829558,1.2833976,-0.31463555,0.59147024,0.7365649,-0.8371151,-0.06935036,1.4231685,-0.6486241,1.4621733,2.470743,-0.6079121,-0.827509,-0.47850072,0.4358368,1.3490989
brazil_67_79,0,brazil,-0.57102144,-1.570378,0.03450314,0.0119137,-0.22637044,-0.18453045,0.8805384,0.3482637,0.49878523,0.8452177,-0.44919798,0.94436735,0.50591266,1.2952703,0.078688845,-0.20840403,-0.7624863,0.50824654,-0.28847235,-0.40705797,0.29585373,-0.63464725,0.5687016,0.1196184,0.993732,-0.48068467,0.6318915,0.70246536,0.083294176,0.19491038,0.7992607,0.26633984,0.036047515,0.4635318,-0.33489335,0.6121621,0.49353614,0.47045544,-0.02983445,-0.44076788,-0.16199838,1.0692828,-0.4578733,0.29022285,0.31916258,-0.39238775,-0.6129335,0.2641624,-0.053829145,0.3515204,0.5171071,0.3917458,0.85668033,-0.27734298,0.5295695,0.9045372,-0.60702616,-0.1132544,0.9903967,-0.6335977,-0.12072643,0.30385184,-0.47604904,-0.05918562
brazil_46_67,0,brazil,-0.9124711,-1.522252,0.29307842,1.5404,-0.43671703,-1.4873594,1.7401621,0.63481414,1.3605733,1.9185519,0.12208603,0.6995739,0.81812054,1.9467856,-1.5220416,-0.5944108,-2.1196587,1.3219491,-0.41086578,-1.1899004,0.6941601,0.50411403,0.13604902,1.2309301,1.8107175,-1.181601,-0.17877445,1.5402197,0.0558272,0.3102192,0.20989147,0.79450756,0.28392252,0.92365223,-0.81505823,0.43485802,2.0117903,-0.4097407,-0.31121945,-1.5799761,-0.80340075,1.1174972,0.121674754,0.8910501,1.1214976,-0.83388484,0.7961999,1.2259837,0.14598477,-0.12050363,-0.052000295,0.013698711,0.28858918,-0.3440148,2.206156,2.350575,-0.46641454,1.4800518,2.487782,1.0465047,-1.1198217,-0.29197744,-0.18062362,0.95567197
brazil_64_67,0,brazil,-1.9769703,-1.6371697,0.10257171,0.82578874,-0.18274337,-0.7829668,1.3782692,0.6161935,1.3468181,2.0512085,-0.6281957,0.5548305,0.44458133,1.8790087,-1.2876501,-0.5154935,-1.7528256,1.5837861,-0.31867906,-1.3048868,0.6423045,-0.14455801,0.9539541,0.6893525,1.848706,-0.9943296,0.3468116,1.8964282,0.30078793,0.5128055,0.30535364,1.0689042,-0.20994577,0.73215914,-1.1919098,0.9432158,2.0717208,0.18368582,-0.4718289,-0.88709617,-0.3990237,1.1498312,-0.16125527,0.72914267,1.5399286,-0.8804435,-0.115810804,1.264759,0.4313723,0.35463333,0.24997014,0.21701488,0.5494862,-0.47747046,1.8415635,1.8056493,-1.019353,0.96702987,1.9005562,0.18169016,-0.95596105,0.30958012,-0.512417,0.38671196
brazil_2_43,0,brazil,-0.44715577,-0.98979956,-0.23058158,0.015082879,0.31214777,-0.12946303,0.67209125,0.6651169,0.5266257,0.45901963,-0.73423624,0.42359683,0.48101696,0.3420503,0.3761991,0.33630228,-0.38802713,0.6574951,-0.80937207,-0.12427565,0.052985385,-0.6214717,0.6434908,0.5469332,0.52989286,-0.06797895,0.7648368,0.7487972,0.339355,0.18290824,-0.13629253,0.3180165,0.21754314,0.5066766,-0.20708916,-0.109909415,0.46302593,-0.15483545,-0.11511956,-0.12599488,-0.2042126,1.1555464,-0.42123964,-0.0953484,-0.12973669,0.31830037,0.06453575,0.54470223,-0.082155585,0.14202984,0.19748873,-0.56273603,0.46999663,-0.53999674,-0.2952541,0.2729029,-0.016138125,0.47714543,0.5369094,-0.6632885,0.25910062,-0.028762028,-0.8147636,-0.08199975
brazil_43_78,0,brazil,0.582903,-0.924958,-0.25860676,0.9090988,0.4009364,-0.4019484,0.67012787,0.2539913,-0.23987427,0.16830926,0.5543561,0.43199137,0.7308237,-0.18337013,0.16526118,0.07748558,-0.08391711,0.20192073,0.13383752,-0.32398376,0.12525952,-0.20378558,0.23611948,1.150362,0.41576827,-0.42186368,0.06812407,0.19125503,0.012963664,-0.32545108,0.40024948,-0.7979287,0.536259,-0.8563915,-0.3922375,0.39314494,0.6545068,1.0472927,-0.13898504,-0.41039714,-0.40203524,0.3036243,-1.2453438,-0.4426727,0.695811,0.75348115,-0.05406432,0.20174897,-0.15045437,0.028685488,0.9557512,-0.6660187,-1.3542955,0.61958164,-0.841911,0.19147378,0.4115388,0.18713742,0.14631352,-0.70698994,-0.4965933,0.47869298,-0.12086355,0.11822823
brazil_23_43,0,brazil,-0.17916027,-0.33299562,-0.7280774,0.52107877,0.75156343,0.19512275,0.23076776,-0.5824068,-1.0688303,-1.4015101,0.46762022,0.92801994,-0.024294589,-0.8150222,0.8297674,1.183098,0.8031429,-0.7568513,0.7750665,0.49831182,0.61709464,-1.2565567,1.3585402,-0.5107569,-0.6937303,0.97633916,0.5847826,-0.21917108,-0.8252323,-0.5063867,-0.7536447,-1.6424648,1.3207945,-0.8820994,0.20044535,-1.0895218,-0.59824586,2.042315,-0.7689657,-0.5077005,0.07180825,0.5147763,-1.2753091,-1.2989309,-0.10495333,1.8002899,-0.4961199,-0.43007952,-0.5058408,-1.0660024,1.5121883,-0.5178456,-0.60019636,-0.087060966,-1.1486549,-0.60791904,1.2439095,-0.8867784,-0.5143818,-1.4897947,0.67338437,-0.42354032,-1.2739255,-1.228756
brazil_78_79,1,brazil,-2.6844554,-2.45441,2.3042517,2.9805698,-3.3851416,-2.6136658,3.5501466,3.8823502,4.370389,3.1991186,-1.1172042,3.8480785,2.929363,2.590975,-1.5223336,-2.1588771,-3.4149497,3.0857081,-1.2010792,-2.0600421,2.6480155,1.6609274,0.21363747,1.7326964,3.6687403,-2.935815,-2.9852493,2.875758,0.9002394,-1.4939661,3.65197,2.4809005,-1.3403735,2.1833568,-3.7463791,2.1593254,4.259819,-2.5500453,1.2888482,-1.6905,-0.65037477,0.3444401,-0.78151256,2.5457635,2.2521703,-1.8133332,1.7733577,2.4750724,2.3734343,3.6966631,0.60735095,1.960591,-0.8843665,-2.59988,1.8414092,2.6670997,-1.3295605,1.6333534,4.03518,1.6171981,-3.4967625,-3.0028183,2.9542155,2.6738756
brazil_77_79,1,brazil,-0.46049368,-1.4731209,0.071478374,0.52850235,0.87458044,-0.13769814,0.51688194,0.086917296,0.9812751,0.7506493,-1.4152364,0.18341039,0.50490016,2.0188897,-1.0014191,0.3185276,-1.5948676,1.4170815,-0.5028795,-0.68335867,0.8376392,0.34604573,-0.79931575,1.3570069,1.0881883,-1.6036298,0.9566543,1.2442667,0.25043043,0.40355453,-0.82978636,0.06520949,0.5672158,0.00092234556,-0.7379309,0.47542202,1.0518341,-0.562743,-1.0123464,-0.43060452,0.3225965,1.2393363,-0.37130886,0.59353197,0.1455765,0.12644196,0.5765717,-0.4103976,-0.6205726,-0.8682841,-0.3675639,0.21269812,-0.33862206,0.31532747,0.50115097,-0.124848425,-0.010748797,1.4328369,0.71564764,0.32533884,-0.34673905,0.19761917,-0.40484065,-0.02046299
brazil_74_79,1,brazil,-2.221273,-1.3621342,0.3644732,1.6024337,-0.43323007,-0.9150772,1.3581358,0.2984413,1.2793298,1.0445136,1.2605158,1.0697232,0.5509429,0.34674233,-2.5496323,0.8881708,-1.4322934,1.4939555,0.34660256,-1.3566573,1.0322586,0.67943007,-0.0764307,1.2389251,1.5198317,-0.59503067,-1.6852351,0.7748181,-1.2291585,-0.2155989,0.3918515,1.1749569,-0.9763167,1.6744215,-1.9912876,0.26890275,1.7742944,-0.28649393,-1.3035321,-0.89418036,-1.071381,0.44170567,-1.2097863,0.8147237,1.3561732,-0.7127128,-0.4336861,0.6622446,-0.55380225,0.745492,0.79999304,1.153629,-0.32802156,-0.33690307,2.0425417,1.3089085,-1.1025681,-0.7422618,0.81338775,-0.010383797,-1.7646334,-1.05658,0.06296754,-0.58102816
brazil_21_79,0,brazil,-0.49949196,-1.1975337,-0.38474,0.5151927,0.058998078,0.018033922,-0.12853949,-0.26766562,0.16127653,-0.21788026,-0.2729711,0.22194421,0.13351619,-0.01408975,-0.03463859,0.63474727,0.38985974,0.04719869,0.050154954,-0.28322425,-0.37333852,-0.5944944,-0.03513578,0.106730714,-0.65991426,-0.66984636,0.18226118,0.25620097,-0.29643247,0.057798415,0.4584472,-0.93043655,0.0073024724,0.27987838,-0.51727456,0.28044596,0.84205705,0.98992294,-0.059239723,-1.0235865,-0.285092,1.3680216,-1.003802,-0.93313146,-0.3105127,0.39319345,-0.54631937,-0.41362196,-0.3481409,-0.18803172,0.62781894,-0.6797749,-0.03321494,-0.7247343,0.28679937,-0.42707923,0.9137414,-0.7181079,0.41456157,-0.56103563,-0.103357516,-0.35405105,-0.24525729,-0.7920339
brazil_76_79,1,brazil,-0.70038587,-1.3035972,0.11482221,0.7653841,-0.27775458,-0.49011314,0.2120531,0.114447296,0.70971644,0.65838295,-0.4353678,0.1850841,0.55724895,0.38997805,-0.3617959,-0.065340765,-0.3011794,0.99493223,-0.6924027,-0.8130471,-0.014666137,-0.48894197,-0.6772935,0.4827804,0.14775683,-1.0273076,0.055255786,1.0242764,0.32658198,-0.20989057,0.41654158,0.005455047,-0.5143023,0.8334146,-1.0449033,0.7505758,1.6813258,0.11379063,0.36171824,-1.3038297,-0.5729346,0.949341,-0.6408209,-0.22718503,0.274198,-0.0387436,0.20052509,0.4834248,0.36241606,0.26732072,-0.31335264,-0.42886525,0.1747636,-0.6704355,0.81124854,0.21702999,0.65220994,-0.008378339,0.9840703,-0.08998192,-0.21786448,-0.5467098,0.30160156,0.23032054
brazil_2_78,1,brazil,-1.4188274,-2.2037134,-0.53477234,1.7494739,-0.81210476,-0.73638433,0.55170757,0.5567749,1.7760484,1.7865785,-0.7142643,0.68709177,0.7317877,0.8932573,-1.7942426,0.43766466,-1.0888742,2.5635185,-0.95552725,-1.446069,-0.057331715,1.0842298,-2.7558477,2.2203178,1.2108666,-2.8907568,-0.8764064,1.9199042,0.4023803,-0.07116359,-0.25085837,0.20861904,-0.5846802,0.98053086,-2.8313668,1.9056995,2.9654257,-1.2141258,-0.69053596,-1.8699247,-0.0498491,1.7958227,-1.4506751,0.1534162,0.93129987,-0.4306149,0.9953399,0.7836557,0.07565444,0.57783705,-1.0817387,-0.6733614,-0.2958884,-1.4876995,1.4265938,0.14846024,0.84196985,1.5576551,1.08713,1.0079325,-0.773838,-1.1897651,0.6749516,0.5444342
brazil_2_46,0,brazil,-0.5663847,-1.66488,-0.050852347,0.2789037,-0.2459792,-0.84187627,1.4549183,0.81822926,1.0987484,1.5798805,0.07722596,0.7949781,0.9900553,1.0705675,-0.49353465,-0.011803473,-1.3153421,1.2867004,-0.5763902,-0.8146751,0.22452325,0.05553479,0.4911554,1.4169395,1.5802467,-0.86773556,-0.02083464,0.85526484,0.3493807,0.23296615,0.41602,0.6864731,0.07317445,0.69902736,-1.0384814,0.6763886,1.7444065,-0.3515184,-0.14540288,-1.082764,-0.16571173,1.355719,-0.29899326,0.6745474,0.9311694,-0.5643335,0.5756437,1.1124339,0.2650856,0.48398727,-0.016161496,-0.18167013,0.34203282,-0.37658933,0.88107044,1.3805604,-0.777735,0.7711029,1.3766541,0.09812155,-0.64891094,-0.12201029,0.07078895,0.6402695
brazil_2_77,1,brazil,-0.23286635,-0.97892904,-0.19701372,0.051152088,-0.9837011,-0.83194804,0.13855541,1.8428528,0.7705612,1.1259003,-0.9272652,-0.36886048,1.50565,1.3951265,-0.23092228,0.2753009,-1.3759648,1.1071237,-0.41576627,0.10720882,-0.49425086,0.5530362,-0.12197054,0.49179083,0.012867361,-1.5666412,0.8489161,0.72399473,1.1616386,-0.6922983,0.6122517,0.2950136,0.7719571,0.62330014,0.17932479,0.48563173,1.1737484,-1.014168,-0.15718152,-1.016062,-0.62801194,1.7906841,-0.23782969,0.67914814,0.38560197,0.02736222,1.598612,0.35608163,-0.090033196,0.35936603,-0.21569775,0.19767568,0.7640898,0.06690398,-0.5039983,-0.12867638,0.6101107,2.2816083,1.860985,0.21920209,-0.1560622,-1.0042788,1.1359403,1.1984665
brazil_2_23,0,brazil,0.80024314,-0.4605955,-1.3174733,-0.3781109,1.4703326,1.4484118,-0.1596513,-0.36117953,0.27901062,-1.1890854,-1.1845944,0.09881146,-0.45713586,0.69152933,0.5836118,1.4644115,-0.13137206,-0.21254712,0.0022935504,1.135661,-0.043034974,-0.12025129,0.017273093,0.9559699,-0.06816646,-0.10508737,1.319553,0.13274798,-0.1770809,1.1215363,-1.5198427,-0.15924752,1.2923176,-0.66016585,0.5397294,-0.9591801,-0.19535525,-0.1534796,-1.6079315,0.45324868,0.89580905,1.9076263,-0.19756554,-0.38373935,-1.1670704,1.356842,0.73294663,-1.2036353,-1.5184388,-1.5709436,0.587432,-0.9308194,-0.30585858,0.31507957,-0.7584907,-1.2922992,1.180132,0.73938864,0.24995735,-0.09326204,0.75228345,0.24297616,-1.5558603,-0.67955434
brazil_2_81,1,brazil,-0.6456459,-1.9293163,0.37412065,1.301647,-1.6940366,-1.2776726,1.1550727,1.8059738,2.1218398,2.4416795,0.48926163,0.9045663,1.4526159,0.6423233,-0.3068086,-0.97982544,-1.1580002,2.5150456,-1.2523676,-1.0266656,0.1568357,0.57849896,-1.5268778,1.190608,0.7885247,-1.3295355,-1.0010787,1.2057742,0.88265306,-0.25779274,0.6601466,0.119270585,-0.62568265,0.942157,-1.746189,1.5328906,1.6325966,-0.76851267,-0.06608098,-0.47209713,-0.8098327,1.1456485,-0.6099399,0.81499344,0.5111265,-0.06756365,1.1008997,0.81087273,0.7125241,1.2673873,-0.22648448,-0.14842187,-0.018757807,-0.7731977,0.4968395,0.44275382,0.6872058,0.9878848,0.9081524,0.4293902,-0.8899047,-1.8196708,1.1080918,0.52780914
brazil_2_12,0,brazil,-0.4225307,-2.07904,0.2949841,1.09862,-1.4330513,-1.1329938,1.0823431,1.4411398,2.1838021,2.5205483,0.23167355,0.871115,1.1135672,0.9033818,-0.8873801,-0.5378737,-1.3017172,2.0075483,-0.8290398,-1.236383,-0.43761477,0.9576762,-1.9092213,1.4286023,0.75983393,-1.5495496,-1.0160612,0.95258266,0.35242447,-0.05045867,0.6176475,0.06200195,-0.2598647,1.5541378,-2.1912446,1.6220794,1.7287337,-0.9413406,-0.55462563,-0.97422457,-0.26459837,1.5427957,-0.8297542,0.2877734,0.50361633,0.09361573,1.6173533,0.22783951,-0.010753146,0.87398297,-0.25788033,0.07229772,0.39870298,-1.0153214,1.1212145,0.87817794,0.8665112,0.86219305,0.5566111,0.68510634,-0.80634356,-1.9118237,0.91206455,0.4433132
brazil_2_76,1,brazil,-0.18994713,-2.0042865,1.0139366,2.5565455,-2.3707275,-1.9469687,1.3742621,2.2171454,2.862543,1.6393014,0.064331345,1.4917704,1.8914877,0.39529604,0.15669906,-1.1544654,-1.195656,2.4220238,-0.09778099,-0.46937987,0.018247124,0.99323386,-0.49193075,0.66985023,0.55767286,-1.6097975,-0.89623433,0.9991195,1.1815466,-0.83552164,2.7032652,0.95990366,-0.5147852,1.4436092,-2.0598485,2.154755,1.3536261,-1.1794059,0.46004507,0.49180907,-1.3804668,0.9781343,-0.18354617,0.3799322,0.03209164,-0.9387582,1.5851572,0.23056777,0.6746664,1.6636086,0.17125304,0.9643176,-0.10279321,-1.5521563,1.7124474,0.6532041,-0.12159308,1.035641,1.2263932,0.65514845,-2.1536236,-3.111068,2.0976896,0.4446231
brazil_2_50,0,brazil,-0.04593536,-1.2438921,0.6740571,0.5845675,-0.49804813,-0.6838739,0.6531892,0.6981672,0.84818953,1.2534269,-0.13577265,-0.33944824,0.06100961,1.3347903,-0.7688401,0.12485192,-0.09643705,0.19984908,-0.75283617,-0.29322934,-0.7671191,-0.09195123,-0.35313767,0.48283094,0.44962552,-0.6099514,0.5936933,0.35205448,0.37242606,0.52232987,-0.47713202,-0.8928484,0.61924726,1.3154966,-1.441784,1.2269442,1.3686396,-0.09078403,-0.5136722,-1.0463285,0.0321453,1.8543582,-0.47581634,-0.5531338,0.024325678,0.42687604,0.44149944,0.28160015,0.050745185,-0.40949973,-0.98613346,0.08999496,0.9250121,-0.2099248,0.33535305,0.67191064,0.9332599,0.3401785,1.0693607,-0.092065915,0.09280729,-0.32233685,-0.056399204,0.23906097
brazil_80_83,1,brazil,-1.5228618,-2.0621645,0.398395,1.7456435,-0.8305909,-0.81161064,2.2326295,0.79565865,2.3320024,2.3012242,-1.9526759,1.0427858,1.0961584,2.3760784,-1.1574743,-0.52717215,-3.4273014,2.2903922,-1.5126859,-1.7116394,1.0771905,0.8604742,-0.4471585,1.7768327,2.3080676,-2.355913,-0.09766915,2.230065,0.87094706,0.0568477,-0.46648374,0.9971312,0.6100269,1.5839361,-1.8181049,1.5087211,2.599855,-0.86539227,-0.09785672,-1.2159367,-0.3358937,1.2275642,0.30010802,1.6619489,2.088875,-1.1715668,1.2875708,1.5308782,-0.37743598,0.079197876,-0.59490633,0.015888546,0.42528507,-0.58292466,2.3227334,1.9741827,-0.9387187,2.6719384,2.2817137,1.4257892,-1.2776912,-0.42146173,-0.02288464,1.2559973
brazil_67_83,0,brazil,-1.6132547,-1.7856083,0.7400859,1.9713359,-1.1109377,-1.246661,2.01532,1.2288494,2.4713383,3.1451855,-0.8260585,0.9782612,1.1212637,2.4673276,-2.1268895,-0.380728,-3.6930923,1.8537694,-0.80821115,-1.4937565,1.3885275,1.3544245,-0.3566077,1.5044687,2.659744,-2.5818033,-0.80782336,2.1933453,0.95745087,0.20618762,-0.33236858,0.9188512,1.1661948,1.2427522,-1.9991301,1.4929186,3.3577275,-0.42280382,-0.55119324,-2.328306,-0.32428455,1.3518457,0.2885297,1.7524931,2.038273,-0.95568454,0.37104815,1.3390672,-0.46970728,0.010346029,0.1419677,0.9105709,0.13981842,-0.45989448,2.6809685,2.4461977,-1.0686156,2.4928868,2.4377077,1.3877347,-1.7829101,-0.53475493,0.46678066,0.98321044
brazil_81_83,1,brazil,-0.041191325,-0.7149385,-0.49801636,0.15443139,0.1275591,0.42901072,-0.06047481,-0.13565008,-0.0019276263,-0.41010466,-0.03828925,-0.11356827,-0.03903873,0.2282252,0.3555835,1.0734037,0.5727439,-0.023872742,0.04716401,-0.025091536,-0.4238239,-0.3566427,0.39459044,0.15848038,-0.45474997,-0.38514188,0.65340734,-0.123618625,-0.5759501,0.12275952,-0.09019825,-0.6239255,-0.038155463,-0.07649931,-0.29449436,-0.30463147,0.40195692,0.96855545,-0.26479474,-0.6028034,-0.009464238,1.0237244,-1.4134253,-0.76700944,-0.4403022,0.9128275,-0.72194654,-0.4967386,-0.55187243,-0.22240815,0.7231715,-0.56648684,0.20384336,-0.45064434,-0.27751502,-0.15582632,0.95734763,-0.8887568,0.5213113,-0.9753635,0.41304502,-0.011960303,-0.83054656,-1.1224557
brazil_12_83,0,brazil,-0.41030797,-0.59495366,0.34584734,1.320491,-0.6813302,-0.034857318,0.9849534,-0.2402271,1.2520169,1.2364044,-0.36992705,-0.07782591,0.19907041,1.473486,-1.9483454,-0.09677616,-1.5505692,0.95184606,-0.7848085,-1.449788,-0.011444586,1.3481296,-1.0450405,1.2031213,1.0999161,-1.8416896,-0.13713239,0.8639086,0.24805102,0.56484556,-0.6000703,-0.008955323,0.59434384,0.43984592,-1.5958005,1.3724076,2.3363125,-0.3293597,-0.26813522,-1.6255286,0.2956708,0.6615936,-0.045849256,0.14088057,0.67493653,0.0031042676,-0.050153047,0.5553439,-1.1654853,-0.21930008,-0.21760006,0.24272092,-0.39525297,-0.1278353,2.0889783,0.769745,0.88624287,0.7422631,1.5231436,0.89167446,-0.74033713,-0.30021226,-0.0474318,0.40807122
brazil_76_83,1,brazil,-1.662852,-1.6320354,0.6188243,1.407699,-1.1505505,-1.1954037,0.9026203,0.63654536,1.4576819,1.4111128,-0.6652308,0.9145185,1.107725,0.8620013,-0.53251964,-0.9006798,-1.3593657,2.0691698,-0.49483275,-1.7403309,0.4541111,-0.1657768,-0.69721216,0.9140458,1.2014233,-1.2735574,-0.2505407,1.7386873,0.59499943,-0.67778826,0.863709,0.93387276,-0.53223497,0.6825769,-1.5389256,1.5973715,2.3440433,-0.20287314,0.5396328,-1.4007719,-0.7004964,1.0574925,0.20256566,0.47149038,0.8855272,-0.46971434,0.77838755,0.7695924,0.91072494,1.021525,-0.4451812,0.6447769,-0.31735784,-0.8713156,1.4327048,0.8570391,0.08687423,0.79997146,1.7786196,-0.0065563945,-0.91493416,-0.34770492,0.398922,0.7975966
brazil_23_78,0,brazil,1.5355421,-0.5281457,-0.5261692,1.7301786,1.052377,0.5805289,-0.039798785,-0.24659666,-0.8949199,-1.9592865,1.1055831,1.2786009,0.20644872,-0.9670421,0.91281116,1.4292415,1.1394098,-0.54569703,2.0360804,0.85965484,0.25809175,-0.251736,1.1785308,0.4761624,-0.26548144,0.49281538,0.34315354,-0.17387179,-0.96216834,-0.13080898,0.08894586,-1.7373934,1.3679267,-1.5776185,-0.6929434,-0.048951704,-0.016399417,2.4805043,-2.341975,-0.030991718,0.2750684,0.5498432,-2.4974697,-1.4164765,-1.1467311,1.3732575,-0.36465704,-1.6857718,-0.92305815,-1.3710469,3.0250323,-0.9048677,-2.2804196,1.987928,-0.77017003,-0.9783734,1.635214,-1.4841326,-0.37808844,-0.812175,-0.42231393,-0.23931521,-0.8949726,-1.4265387
brazil_44_78,0,brazil,0.784814,-0.5885363,-0.08216611,0.1935085,0.17903216,-0.04452528,0.7011922,0.35906363,0.38204986,-0.29599574,0.681663,0.41453266,0.12738037,0.22914934,1.2676873,0.8662318,0.4678229,0.23639657,0.93697256,0.39026868,-0.08629289,0.13869554,1.1722847,0.44097874,0.29402372,-0.17042421,0.36548957,-0.3931855,-1.0139692,0.33997354,0.26787773,-0.54327583,0.38209358,0.066353165,-0.4913062,0.5226222,1.5102065,0.8546815,-0.17294845,-0.92855257,0.10791172,0.93693054,-2.2345293,-0.7151463,-0.22727448,1.4075388,-0.8664686,-0.18563606,-0.37658387,-0.12459365,1.4874752,0.15689683,-0.33499208,-0.05319825,-0.029967364,0.6381871,0.6839504,-1.1404836,0.9359336,-1.75997,-0.2901338,0.5187121,-0.0047103595,-0.41770312
brazil_78_81,1,brazil,0.19971628,-0.66610545,-1.2062854,-0.15574367,0.9425333,1.6359195,0.035439953,0.017066825,0.1705701,-0.87392336,-1.1466488,0.043813206,-1.282975,0.28410524,1.4564345,1.9050077,0.25995284,-0.0007727146,-0.17807224,0.9299831,-0.37916112,-0.097951874,-0.004657837,0.7160003,0.0034859874,-0.55083454,1.6328247,0.010926111,-1.0774018,0.82886505,-1.2180322,0.11627635,0.9400303,-0.438536,0.17852329,-0.577496,-0.5103856,-0.33461088,-1.4124438,0.72373,1.5655322,2.5630445,-0.4172882,-0.6017023,-1.3346579,1.3917298,0.611568,-1.5250574,-1.4469529,-0.94927025,0.5559181,-1.2659775,0.5227871,0.23264359,-0.74509865,-1.3339578,1.205503,0.06992385,0.62616414,-0.14348225,0.9647432,0.7723487,-1.7153772,-0.7276455
brazil_12_67,0,brazil,-0.33435047,-0.17943573,0.20278385,0.8638086,-0.47924125,-0.5539754,1.2574961,0.0062357155,1.1342236,0.5550339,1.8449267,-0.042127103,-0.50308377,1.3306105,-1.3465879,0.018777782,-1.3513347,-0.40329692,0.28218517,-0.98123246,-0.29643875,0.8836625,1.5288153,0.9813494,0.88623613,-0.79303885,-0.10192458,-0.16885719,-1.2482895,1.4176253,0.26326388,-0.46028996,-0.21108939,0.55899376,-0.89218223,0.9469447,1.7138566,0.8395331,-0.23514557,-1.4001992,0.27849907,1.2362094,0.51230776,0.21311253,0.41006148,0.24322706,-0.8625076,0.28196263,-0.19972499,-0.1901382,0.624954,0.6385,-0.36627778,-0.1695592,2.1646953,2.2020626,0.67999387,-0.14497893,2.706114,-0.0313445,-0.1911756,-0.5352325,0.0645131,0.07611389
brazil_50_67,0,brazil,-0.6165771,-1.547846,-0.26586336,0.13504186,0.27908534,-0.41117874,1.2023591,0.270713,1.2933886,1.6068419,-0.59604985,0.032554854,-0.09613566,1.4586306,-0.31265482,0.22438385,-1.1425028,0.82066065,-0.80216444,-1.0336035,-0.23616172,-0.18476327,1.4251852,0.93240136,1.6272721,-0.606651,0.94932455,1.4427619,0.2444399,0.8371745,0.01734819,0.69888014,0.10088685,0.4648171,-0.6767838,0.39226884,1.3153224,0.65968347,-0.9442306,-0.6978211,0.21496673,1.7443155,-0.32907772,0.4495442,0.7174574,-0.13178718,0.046694234,0.72262925,-0.19273467,-0.106787935,0.39344594,-0.02931365,0.8804117,-0.2190145,1.0450486,1.2923043,-0.20575911,0.8996511,1.4675518,0.124427766,-0.279859,0.7694799,-0.88664824,-0.08015871
brazil_23_77,0,brazil,0.26955247,-0.63900524,0.048192564,1.2528734,-0.11604976,-0.311618,0.18939568,-0.51014763,-0.26137763,-1.3955005,0.094906434,0.44085026,0.5397054,-0.33912873,0.8337015,0.60592115,0.98725295,-0.1984327,1.3162663,0.19799234,1.0310483,-0.7347694,1.1166677,-0.31879544,-1.0073931,-0.2599152,-0.31389844,-0.57579523,-0.6394198,-0.77863425,0.2653445,-1.3624945,1.4519671,-1.1185145,-0.6537653,0.9055193,-0.28113008,1.564201,-0.38846692,-0.45932245,-0.6623718,0.19546552,-1.503506,-1.0874174,-0.18658298,1.2401054,-0.9375734,-1.1697031,0.27965164,-0.15016155,2.0930889,0.12083019,-1.9241369,0.20682673,-0.67020565,-0.550407,0.8028031,-0.523901,0.710918,-0.6568884,-0.52378064,-0.5067048,-0.2331543,-0.37937027
brazil_44_77,0,brazil,1.5197209,-1.3744565,0.4218932,0.8779526,-1.0435992,-0.50800145,0.39572594,-0.386309,0.29909074,-1.2386082,1.5621016,0.37542224,0.047118872,1.1917163,-0.29133236,0.7236994,0.9630325,0.81837636,0.6261096,1.4926196,-0.2031407,-0.18318358,0.9626651,0.92591864,-1.6471944,0.14997983,-0.33459955,-1.3051771,-1.2547785,-0.6503777,0.980558,-1.8273935,0.4662287,-0.5088804,-0.60074997,0.96646523,1.4349557,0.9224714,-0.74435776,-0.09687115,0.62725794,0.7625365,-1.4508545,-0.648234,0.18574016,1.458096,-0.5006324,0.16539772,0.5438825,-0.5391923,0.76221466,-0.3895429,-1.9172391,0.5758141,-0.05910563,-0.36855757,0.5357637,-0.5639718,3.432803,-0.4598447,-0.6238049,-0.05355261,0.14179981,-0.019155685
brazil_50_77,0,brazil,0.6765062,-1.3138849,-0.35266536,0.12950903,0.11462985,-0.4437696,0.17091304,-0.17242743,0.038225546,-0.41186434,1.1001065,0.35089725,0.12826972,0.46843678,0.34598932,0.23542704,0.17423785,1.2783853,0.11554309,0.4208342,-0.047127306,-0.38021657,0.94294727,0.16919859,-0.5329526,0.9658719,0.5732069,0.1546655,-0.4918389,-0.5640479,0.49178386,0.14178988,-0.12993003,-0.17049664,-0.14092784,-0.001376532,1.7944794,1.1257881,-0.16443872,0.15524337,0.4134218,-0.120841,-1.2906237,-0.6362016,0.4218978,0.8212724,-0.22523998,0.4515464,0.51846963,0.25280476,0.56246674,-0.31344086,0.10507568,-0.6176016,-0.4661939,0.3631076,0.69467664,-0.31734225,1.4666331,-1.1243811,0.13849631,0.4928647,-0.74791574,-0.042004768
brazil_23_44,0,brazil,0.35962838,-0.6497241,-1.5907013,0.69311,1.4578819,1.0388644,-0.12530456,-1.5245564,-1.0393208,-3.245536,0.61595166,1.3739092,-0.09453651,-0.9867645,1.5455093,1.6686186,0.6937469,-0.6137778,1.8782399,1.6150694,0.13636576,-0.9971152,1.9061116,-0.6961256,-1.2039409,1.0131407,0.92086256,-0.5756784,-1.8355675,0.21683268,-0.49262118,-2.2296352,1.3894036,-1.2192655,0.66950023,0.07465993,-0.17627096,2.533093,-1.8025962,-0.31116968,0.9780567,1.3741528,-2.411019,-2.4920518,-1.6870763,1.7318436,-1.3765473,-1.7940803,-1.2947358,-1.5898057,2.4125936,-1.4339257,-0.16287862,0.16308455,-0.51149434,-2.0069194,1.521553,-2.602982,0.33836135,-1.7441669,0.5585912,0.22098422,-1.6796296,-1.8094432
brazil_23_50,0,brazil,-0.3578404,-1.0614742,-0.2397039,0.21731745,0.13264269,-0.4256187,0.8634173,0.5025739,0.46852893,0.3085008,-0.70759165,0.5901693,0.68892616,0.14989114,0.36270812,-0.11507127,-0.48200512,0.5707018,-0.65601,-0.57777876,0.28134793,-0.760783,0.5091341,0.32371736,0.5309392,0.098124,0.4246109,1.2000263,0.29786783,-0.1455337,0.54522353,0.14798975,-0.1389669,0.23999779,-0.079057045,-0.034726094,0.6816778,0.6511165,0.35911807,-0.24233246,-0.7986194,0.56158537,-0.60463846,0.0151917795,0.4076819,0.6258233,-0.18697442,0.75363064,0.30623376,0.28185537,0.49066815,-0.040265493,0.14109658,-0.5804394,-0.28399983,0.5790872,-0.16056839,0.15177442,0.8541503,-1.1340398,0.05515171,0.08839907,-0.7079204,-0.0439198
brazil_44_74,0,brazil,1.2774036,-0.72109836,-1.9602048,0.50527614,1.1216099,0.46760097,-0.36170346,-2.2975087,-1.2439429,-3.3799334,2.1423771,0.3451235,-1.3999221,0.474585,0.6982241,1.3908874,1.1419221,-0.71672297,1.2764301,1.9750761,-0.91555023,-1.3965085,0.8469519,-0.59691286,-1.9624423,1.787445,0.3891988,-1.6681824,-3.5604863,0.04662319,-0.28564,-1.728444,0.36450326,-1.6067444,0.9072472,-0.38934648,1.2765694,2.3076577,-1.9678918,0.643629,1.8259884,0.9826076,-2.1896708,-1.9128065,-1.7446066,1.7878872,-1.432597,-0.9591222,-0.74275154,-2.257242,2.203106,-1.5792873,-1.1422528,1.0267676,-0.16773914,-1.3811536,1.5435387,-2.9798918,2.3516693,-1.1658387,0.7644128,0.81819904,-1.6183681,-1.9989688
brazil_44_50,0,brazil,-1.9425546,-1.7289778,-0.14410654,1.0295831,-0.37147143,-0.7113434,1.4915433,0.23746279,1.2863425,1.4738197,0.28373262,0.8159913,0.4431168,2.0348182,-1.5736291,-0.19679411,-1.9051449,1.0071232,0.06066624,-0.76232404,1.1862514,-0.23231407,1.23358,0.6896578,1.5372392,-0.67830473,0.014343192,1.2599268,-0.64063287,0.5241967,0.9469771,0.65640473,-0.6577017,0.84140825,-0.9442955,0.23909615,1.6254421,0.53564954,-0.02317002,-0.6015734,-0.32474428,0.634126,-0.41682553,0.82299733,1.502281,-1.1306764,-0.72632337,0.70917445,0.4577535,0.24077089,0.76763296,0.73208886,0.3224335,-0.27616724,2.1877384,1.6902307,-1.550896,0.21542978,1.937295,0.42729384,-1.0107931,0.22390497,-0.4259652,-0.072158314
brazil_74_76,1,brazil,-0.6988799,0.033042528,2.2740545,2.2333071,-1.4768964,-1.2686749,2.714002,2.3533971,2.7607229,2.1348777,-1.0597969,3.2332501,1.098542,1.7922623,-0.68718976,-1.1425693,-2.2088375,1.954049,-0.09880189,-1.4558595,1.7541026,1.1190813,0.5456052,1.2714564,1.78328,-2.0860634,-1.5811932,2.5389364,0.15287574,-2.1237576,3.7910457,1.373062,-1.1358478,0.12151644,-1.1504534,0.94717723,2.3769782,-1.8007094,1.693904,-1.0381491,-0.5026604,-0.14745435,-1.3618311,2.2784503,0.69384587,0.26202288,1.8698843,0.79857457,1.6662818,2.5269942,1.2309635,1.3006674,-1.2399296,-0.21637885,0.898024,1.9663106,-1.9901439,1.2137697,3.0118575,1.3553145,-2.0035892,-2.8974419,2.3470676,2.500895
brazil_12_81,0,brazil,0.28926355,-0.68529177,0.37390664,1.2579237,-0.94240606,-0.13638142,0.46855924,-0.5900009,-0.2544738,-0.22401254,0.43259525,-0.61604965,-0.5378605,0.65039396,-0.9466536,0.69460386,0.48290974,-0.572627,0.024535786,0.7433974,-0.19281754,-0.29057643,0.5966148,0.909615,-0.89759153,-0.56907606,-0.11351666,-0.84014505,-0.5294532,-0.9559853,0.19278708,-2.3262963,0.17271473,0.54311115,-0.6270173,0.66077334,0.6670708,0.9089064,0.052608088,-1.1216323,0.19484644,0.70988256,-1.0339185,-0.75223726,0.41962886,1.1107414,-0.7376748,-0.009163277,0.2568261,-1.047847,0.21362793,-0.73142916,-1.1536746,-0.2963679,0.18639079,0.0018929597,0.8335424,-0.2082845,2.1901646,0.16476907,0.022673544,-1.1818111,0.16911858,-0.006776058
brazil_76_81,1,brazil,0.36484852,-0.15738088,0.1102221,0.12521991,-0.74046487,0.07985845,-0.47760388,-1.0526419,-1.3465016,-0.9199523,-0.27588886,-0.82672924,-1.0408887,0.010762917,-0.10782912,0.72916776,1.5870918,-1.2990633,1.2503452,1.5851384,0.1790563,-1.0585653,0.75035095,-0.29767478,-1.4025909,0.98961484,0.74438727,-1.3508221,-0.71317273,-1.0222592,-0.8473246,-2.3436048,0.7704633,-0.6525826,-0.16159149,-0.12281476,-0.31748977,1.8152586,-0.08876933,-1.1256212,-0.39205825,1.588173,-1.4411703,-1.494209,0.023204634,1.8573767,-0.29131803,-0.2902131,-0.09408787,-1.8165365,1.0217302,-0.7246773,-0.34736502,-0.0752242,-0.8863058,-0.7731499,1.9986991,-0.8380637,0.4420919,-0.8486507,0.36692268,-0.59276116,0.04268144,-1.1966842
brazil_50_81,0,brazil,1.3669808,-0.2747277,-1.4456279,0.23681922,0.86766255,1.557648,-0.8192886,-1.6979755,-1.0278893,-2.860469,0.40649545,-0.096277624,-1.202979,-0.22095701,1.082192,1.5512964,1.8179853,-1.475661,0.93105143,1.5864445,-0.3048695,-1.1971692,2.2813218,-0.365902,-1.82731,1.3352246,0.9647759,-1.6250018,-1.659331,0.18417197,-1.0464005,-2.57276,1.9034146,-1.5093281,0.25546655,-0.32570744,-0.43748242,2.8645911,-1.8382126,-0.46563426,0.483441,0.9642641,-2.4335048,-2.4959953,-1.5791272,2.0708597,-1.1583925,-1.2723846,-1.27421,-1.742891,2.1545498,-2.2002559,-0.64972055,0.64267814,-1.1721678,-1.8057618,2.3045404,-2.334441,0.45926222,-1.5960201,1.0363898,0.5852716,-1.6189411,-2.4267988
brazil_12_50,0,brazil,-0.979619,-1.0286295,-0.32057342,1.220722,-0.0142770205,0.44448036,0.30937502,-0.48536563,0.42274734,-0.8535923,0.2683808,1.3868831,0.1572605,0.7998275,0.017638573,0.8355341,-0.61068726,-0.46925423,1.0373105,-0.2784077,0.33432537,-0.5002318,1.7355042,-0.25070828,0.16766533,-0.3694454,0.17007452,0.7669513,-1.2803199,0.19679765,0.4739348,-1.0132627,0.48562434,-0.4844777,-0.064567015,0.95000684,1.3139033,1.8969079,-0.46987817,-0.73211116,-0.5834294,0.263342,-1.8245426,-0.5805919,-0.11225644,-0.37818307,-1.7387757,-0.96772957,-0.7571396,-0.2995627,2.2687156,-0.25651407,-0.41621786,-0.19144954,1.4822176,-0.5132513,-0.17646186,-1.503739,1.1943455,-0.27917054,-0.4810843,-0.7501215,-0.5015784,-1.3764753
brazil_18_26,0,brazil,-1.8781369,-3.0115516,1.2461746,1.7675573,-1.6346602,-2.4384997,3.1762156,2.700473,3.0144446,2.7054908,-0.64663583,2.3644779,2.0234256,1.4167552,0.17384093,-1.4382808,-2.6614387,1.9997423,0.10916057,-1.5351186,0.48844495,0.8013727,0.69913656,1.1220564,3.0677526,-1.7112126,-1.2327343,2.1330595,0.67353004,0.14624701,1.5407491,1.5277752,-0.20944366,2.0733147,-2.3875618,1.421384,3.0710735,-0.5931512,0.37181363,-1.4783397,-0.6357312,2.2057402,0.24688913,1.5511588,1.3310452,-1.1459064,1.6133882,1.6319544,2.2924223,1.8846327,0.60962737,1.4578676,-0.8197226,-1.4357172,1.8890858,2.8013797,-1.5781034,1.6074182,2.148532,0.80711746,-2.210015,-0.77815795,1.1276959,1.2264138
brazil_1_16,0,brazil,-0.51374936,-0.26271677,0.5367562,1.2476159,-1.1656153,-1.1719154,0.7979796,1.5594525,1.0601348,1.4320159,1.7869135,-0.83024126,0.6469137,1.0135835,-1.9713192,-1.1191814,-1.7087227,0.3978503,-0.40927902,-0.4077407,-0.16888723,0.2987884,0.21741392,0.46358466,0.53863233,-0.11800949,-0.696834,0.8343288,0.15325947,1.0628732,0.14934666,-0.24359217,0.038585708,0.6343284,-0.5576419,0.59153455,1.4608458,0.45927113,0.09384268,-0.92673737,-0.9862936,0.71637857,1.0749847,0.3931939,1.2188785,-0.28506818,-0.76012796,1.3073161,0.55389297,0.097208336,0.69741106,0.083227225,-0.1247612,0.66150665,1.3531069,2.2840538,0.39285704,0.95393884,2.654943,0.4479647,-0.93097603,-0.9766499,0.44996774,0.16378163
brazil_10_16,0,brazil,-1.2383587,-1.7198006,0.527954,1.5951167,-0.3705759,-1.4190675,1.586369,0.6883088,0.7752128,1.1697773,-0.062039938,0.8448972,1.4526949,0.65843165,-1.0097796,-1.3511553,-1.6566644,1.4904027,-1.0607432,-1.3996341,1.0660975,-0.44646552,0.0763369,0.75469095,1.5546174,-0.2789008,-0.4861265,1.6127292,0.59267724,-0.35300568,0.654275,0.7720013,-0.0946977,1.1233271,-0.85927737,1.4493067,1.7644616,0.037529834,0.58187646,-1.135065,-1.3500606,0.67631114,0.91235113,0.9887548,2.062462,-0.6126353,0.34695494,1.9497315,1.1467456,0.31102103,-0.10357091,-0.33566433,-0.094685204,-0.28613934,0.7905538,2.2298608,-1.4829351,1.2726885,2.728282,-0.16125897,-1.0726808,0.46962756,-0.25198105,1.4616396
brazil_16_62,0,brazil,-1.2415069,-2.0246758,1.1704093,1.9420317,-0.66372406,-1.5419888,1.6771559,1.735131,2.3174074,2.9334927,-0.76347125,0.6474749,1.9097459,1.5803403,-1.6291537,-1.2322092,-3.1964087,2.2148397,-1.5473584,-1.8122399,1.3323667,0.80049723,-0.3334719,1.4361105,1.992909,-1.5608059,-1.0096604,2.2227535,1.2725174,0.17595533,0.0162991,0.9835688,0.19319198,1.9342831,-1.4202454,1.6093943,3.3522959,-1.2123277,0.026059695,-1.9809105,-0.9106787,0.88234776,1.3549714,1.2743793,2.8763404,-1.4027911,1.7646668,2.7214165,0.8043593,0.15413758,-0.92476726,0.14072947,0.20925361,-0.85072976,2.3376403,2.8332465,-1.1219937,2.5141506,2.7693217,1.1129909,-1.5944915,-0.70190793,0.36885992,2.3454006
brazil_16_20,0,brazil,-1.0724759,-1.183653,1.1718714,1.9399768,-0.7323605,-0.82621807,1.6464481,1.4494189,1.8094939,2.2099838,-1.2208695,1.21554,1.6440966,1.3069259,-0.92233104,-1.3947226,-2.780203,1.6737041,-1.3629333,-1.590549,1.3419137,0.5474712,-0.040976446,0.8772602,1.6275026,-1.4400893,-0.34412172,1.7420324,1.2942544,-0.18491697,0.2554603,0.80958354,0.72551924,0.9414775,-0.7541523,2.0312939,2.4413686,-0.53907907,0.8773952,-1.5837752,-0.8145458,0.34402207,1.1861612,1.435506,2.3603487,-0.4629831,0.63661414,2.1583858,0.6600281,0.49045035,-0.8170086,0.3415206,-0.23224978,-0.52144825,1.2644485,1.4259443,-1.4047781,2.1650105,2.4854696,0.43840328,-1.12159,-0.49723667,0.095014535,2.1741657
brazil_2_16,0,brazil,0.45469004,-0.6041243,-0.49210066,0.42564738,-0.055218473,-0.83954,1.4595007,0.7005566,0.45669553,0.8959156,0.78849655,0.28136316,0.7196145,0.9538715,0.0031714905,0.49519056,-1.5234473,0.3474138,-1.0112507,-0.7152425,0.47145566,0.88115835,0.73621,2.396841,0.8179574,-1.2690669,0.34186897,0.14949687,0.021846408,-0.31231835,0.1912484,0.13679877,1.0978445,-0.2830403,-0.8926584,1.0614579,1.2295642,0.12165355,-0.11125006,-0.81052643,-0.046262372,0.73937094,0.14844768,0.89221054,2.1007485,0.30000398,0.25959444,0.9509916,-0.033847794,0.4357912,-0.25993523,-0.34148452,-1.3221196,-0.15430845,0.27935594,1.2116741,-0.0971398,1.1388751,2.1280425,0.48393846,-0.9907349,-0.08091273,0.48110217,0.88842624
brazil_1_10,0,brazil,-1.5489845,-1.4998568,1.0722892,1.8164212,-0.70828485,-1.4793235,1.7981201,1.7481183,1.9229691,2.4065576,-1.0144485,0.7737826,1.761815,1.4555552,-1.0844779,-1.6527607,-2.9131377,2.0617447,-1.0179878,-1.7478304,1.3810589,0.3523486,0.2492235,1.2024789,1.7421136,-1.3740207,-0.6024283,2.2003198,1.302623,-0.18119535,0.38498044,1.1778209,0.16003671,1.5649916,-0.7145979,1.6846737,2.8711286,-0.7517578,0.5331494,-1.696864,-0.8585829,0.66388464,1.504558,1.4585315,2.80949,-0.74039805,1.096921,2.7322829,1.146301,0.33621293,-0.77986956,0.29273337,-0.06730092,-0.6265502,1.4909046,2.320798,-1.5868443,2.6375966,3.0814815,0.5774594,-1.4305258,-0.42250684,0.17682552,2.319823
brazil_1_62,0,brazil,-1.3930463,-1.3581909,0.7270287,1.0006862,-0.43381706,-1.1043638,1.1708602,0.8263117,1.3273591,1.9484514,-1.0394685,0.37232605,1.2580347,1.0806826,-1.3131666,-1.1268547,-2.467557,1.3961209,-0.6568757,-1.2158188,0.8656304,0.24878988,-0.14951088,0.7183637,1.1894183,-1.1824795,-0.34468997,1.8367714,0.94054693,-0.35247445,-0.1439306,0.47560623,0.4736016,1.0663425,-0.21724883,1.1701838,1.8228549,-0.39780352,0.08081185,-2.061366,-0.9522259,0.72252995,0.89285403,0.9873019,1.9900253,-0.75162053,0.9784089,2.0344524,0.5344712,0.12663439,-0.19540112,-0.17783557,0.22084011,-0.64415026,1.5331112,1.7471547,-0.7325161,1.7005986,2.3487816,0.67859375,-0.6174614,-0.27454382,0.11449223,1.3098199
brazil_1_20,0,brazil,-1.2384211,-0.80145377,1.3474473,2.406588,-1.6649803,-1.446797,1.353554,2.4159667,2.48193,3.0588405,-2.1194284,1.5069832,2.2695086,1.8754734,-1.4004128,-1.4248677,-3.4672453,2.4223382,-1.4034055,-2.4907866,1.8189071,1.2458454,-0.7406997,0.6767931,0.9020341,-2.5327501,-0.49857056,2.2704291,1.8994442,-1.1869093,1.4830431,1.0916865,0.11776194,1.3076645,-0.74561733,2.3873792,2.7136693,-0.71631825,1.2566143,-2.2021697,-1.1804758,0.757838,1.4617001,2.2777317,2.8139195,-0.143125,1.7605633,2.7442396,0.8932875,0.8292971,-1.4756593,1.002337,-0.13913663,-0.46409112,0.8506276,1.7740026,-1.0228701,3.5688019,3.203326,0.62864953,-1.5797311,-1.0360425,1.6380575,3.2063465
brazil_10_62,0,brazil,-1.2185254,-1.8054407,0.9853943,2.0118856,-0.67411065,-1.986828,1.4198155,1.9387052,1.8886358,2.746013,-0.29554594,0.6878377,2.1885183,1.323697,-1.610183,-0.84446496,-2.9942532,2.140596,-1.4697561,-1.5132624,1.2671123,0.5036747,-0.5753492,1.9337592,1.710796,-1.3226995,-1.2142576,2.0920897,1.3196558,-0.5956422,0.6845595,0.7539577,0.43433085,1.7633799,-1.4025766,1.9363152,3.0178027,-1.0940329,-0.06103365,-2.3189616,-1.1471863,1.5837495,1.4179761,1.3925762,2.5511332,-1.2702558,1.7385682,2.521654,1.1786014,0.41904813,-0.8854655,-0.012413993,-0.20110711,-0.97499657,1.5252659,2.683254,-1.473929,2.754008,3.0418015,1.1676712,-1.8701276,-0.7071094,0.5008628,2.1172452
brazil_10_20,0,brazil,-1.4197156,-1.2253587,1.3199596,1.7244684,-0.90195125,-1.7543468,1.656261,2.0893996,1.6040213,2.3430455,-0.5295248,1.3566935,2.1245036,0.48653686,-0.34833837,-1.4221474,-2.255473,1.9922773,-1.1858237,-1.6391703,1.5313317,-0.10363462,-0.068793625,1.412177,1.4417857,-0.8719829,-1.058466,1.8485318,1.3591554,-0.9676174,1.3322778,0.9150347,0.0711232,1.3878777,-0.8379655,1.6278538,2.399226,-0.58997774,1.1776357,-1.4464036,-1.0065261,0.7684011,1.7183878,1.7893537,2.308168,-0.4091381,0.93251234,2.369967,1.5363001,0.9670384,-0.72917295,0.37241644,-0.8899426,-0.72554576,0.2098158,1.9244989,-2.1285186,2.184041,2.5712602,-0.10237529,-1.4712391,-0.6581533,0.39290413,2.446561
brazil_20_62,0,brazil,-0.2297684,-0.73163486,-0.78508174,0.467848,0.14174032,-0.5794677,0.25217625,0.22681054,-0.37166864,0.39010042,0.59185374,0.2748892,0.5293326,-0.61838484,-0.15287024,0.9130186,-0.08115751,-0.11456947,-0.10564991,-0.15552588,0.69047785,-0.40585077,0.34493294,0.4544887,-0.0018114736,0.34381095,-0.45329022,0.2125706,-0.047659386,-1.1112508,-0.5709484,-0.46366093,0.7402158,0.22715168,-0.47230133,-0.62827855,-0.07372261,1.1602507,-0.31601706,-0.4832604,-0.85677516,0.20481415,-0.6265557,-0.17603381,0.9231501,1.1398017,-0.1707793,0.46714625,0.3452601,-0.35777846,1.1767029,0.041032586,-1.0673714,0.007858954,-0.641756,0.60603386,0.57296884,-0.7232091,-0.027630016,-0.56165576,-0.25702974,-0.27902022,-0.40832943,-0.64543635
brazil_2_13,1,brazil,-0.28604385,-1.3993418,-0.13357644,0.2435733,0.4152206,-0.3690265,1.239562,0.60736585,1.3698461,1.7564825,-0.40638864,0.40130082,0.17869326,1.2455267,-0.62145966,0.3550938,-1.1242698,0.8647603,-0.6259439,-0.95957047,-0.31793684,0.13982585,0.68207806,1.3597677,1.3703107,-1.158995,0.64600533,1.0778667,0.27700087,0.7858213,0.33010235,0.28806657,0.12953655,0.53082776,-0.90787345,0.6145377,1.8678585,0.018988509,-0.66579854,-1.1007357,0.12894693,1.8064134,-0.59030986,0.4174188,0.41397426,0.00271752,0.6196083,0.5431506,-0.118512325,-0.10321017,-0.055593826,-0.0991231,0.5226884,-0.38024879,1.0302038,0.8621792,0.011144561,1.0907869,1.007653,0.33551648,-0.19020784,0.21879359,-0.29675165,0.22749722
brazil_2_70,1,brazil,-1.0288733,-1.9019208,0.7551401,0.54559904,-0.8162321,-1.8083147,1.6625634,1.016085,1.5167191,1.9327521,0.16364318,1.1280696,1.6768503,1.3744954,-0.20917064,-1.1318083,-1.3323618,1.6587368,-1.1762831,-1.2269564,0.21220829,-0.17813812,0.25421026,1.1928184,1.643891,-1.0276203,-0.32083413,1.5251875,0.9561962,-0.43722928,0.42738396,0.9470455,-0.2749847,1.6207699,-1.9754128,1.177229,2.424836,-0.63605326,0.04114119,-1.1210647,-0.3235759,1.0304532,0.32930318,0.63539064,1.4488609,-0.8531211,1.4337559,1.6374502,1.2363669,1.0904653,-0.6479585,0.0347275,0.6867286,-0.8678918,0.79085904,2.0911753,-0.82245773,0.86867154,1.5761595,-0.23042303,-0.9675668,-0.8936339,0.59102064,1.4482846
brazil_17_70,0,brazil,-0.09695793,-1.141283,0.83502406,0.42879128,-0.6656982,-0.8345673,1.0346252,0.8068671,1.4174843,0.75927603,-0.6136428,0.19378334,0.5539222,1.0870516,-0.022498835,0.010069275,-0.5837964,0.26530406,-0.37864134,-0.557641,0.49873686,-0.3066839,0.59594023,1.2527367,0.37770653,-1.5543959,-0.56424296,0.1313105,-0.11903068,-0.015190525,1.8049973,-0.4218404,-0.06460562,0.90868604,-0.7895943,0.6181747,1.4026396,-0.6866607,0.31871057,-0.43962494,-0.80743104,0.27390504,-0.6089769,0.10103564,0.3719672,0.12774101,0.67531383,0.13472043,0.25701925,0.33743456,1.2639062,0.21626598,0.07612214,-0.33628723,1.035948,1.448835,0.05873907,-0.12033624,0.9828515,0.5666199,-0.37132162,-1.516536,0.75506014,0.83319813
brazil_70_78,1,brazil,-1.4504868,-0.47299817,0.89496297,2.2563965,-1.5254043,-0.7910521,0.6232705,0.63265073,0.4638597,0.8103178,1.3788294,0.41299886,0.508103,1.5766541,-1.6934118,-0.65762776,-1.2277496,0.8072181,0.38038075,-0.33477315,1.3157992,0.76280457,-1.2330868,1.1439925,0.5941233,-0.73663,-0.5839538,0.46308616,0.30265385,-0.24858925,0.63872,0.12263598,-0.26422265,0.045981646,-1.8574321,1.1206406,1.4416758,-0.5633903,-0.05037418,-1.5377568,-1.4521829,0.33099183,-0.48175493,1.0931973,-0.4752328,-0.5117962,-0.7303305,-0.04105015,0.45324865,0.1520501,0.77260554,0.013162219,-1.9731644,-0.27242985,1.3827434,1.0488139,0.12719086,0.98090607,1.7358464,0.97661656,-0.8578966,-1.0135974,1.051964,0.04004103
brazil_70_79,1,brazil,-0.503533,-1.604828,0.55890536,0.9753842,-1.0477769,-1.759163,1.6040107,1.600335,1.9311528,2.1109412,-0.62683886,1.5907415,1.9697914,1.3061361,0.8249168,-1.6718205,-1.2197635,2.3114555,-1.1559789,-0.78016526,0.57096374,-0.14842685,0.3855143,0.46284112,1.2808523,-1.0897695,-0.24771681,1.1224512,0.6362949,-1.39538,0.62702596,1.1097124,-0.46326527,1.1965641,-1.0471938,1.0231869,1.9934869,-1.1519102,0.8847425,-0.6347568,-0.67913264,0.8401314,-0.07810445,0.7732798,0.923836,0.0065613594,1.550531,1.2948352,1.4818308,1.0470923,-1.0269983,0.086845085,0.5615231,-1.512991,0.11324133,1.152382,-0.041536186,1.3998615,1.6519278,-0.37863544,-0.9787251,-1.8281432,0.6271833,1.3930408
brazil_16_17,0,brazil,-1.0391626,-1.0287855,0.6556505,1.431324,-0.58175105,-1.6456238,1.3051157,1.4828784,1.0354538,1.3716372,-0.0011563655,0.6807833,1.7985098,0.16257612,-0.2512424,-1.4409238,-1.5749604,1.149793,-0.8099457,-1.1500362,0.8959244,-0.2163443,-0.06614699,1.2304255,1.2541709,-0.58964366,-0.7010393,1.5121068,0.82651067,-0.5239003,0.56812805,0.76274705,0.41891998,1.1693507,-0.22260927,0.9453561,1.4005047,0.05296424,0.628179,-0.9259812,-1.3169078,0.7421202,1.1805251,1.1890678,1.9554443,-0.08815873,0.7734571,1.5763364,1.0548631,0.6077607,-0.21322452,0.4709194,-0.83625644,-0.6615793,0.00279163,1.5531455,-1.1487757,1.8444346,2.3191156,-0.2639081,-0.9180284,-0.49470174,-0.17713872,1.7998163
brazil_17_43,0,brazil,1.1718798,-0.5817119,-0.79655117,-0.13666394,-0.29938176,0.48516572,-0.42615443,-0.26053235,-0.32144788,-0.6473148,0.62363416,-0.8947066,-0.88418174,-0.31075084,0.061135046,0.19495407,1.1844858,-0.8719874,-0.41476986,1.1241144,-0.83591175,-1.1298463,1.1316098,0.009161719,-1.0418122,1.0941237,0.71112335,-1.3012536,-0.28562686,0.4110166,-0.83420765,-1.2803779,0.69381976,-0.057290286,0.3872126,-0.6062753,-0.2981791,1.7467022,-0.24913278,-0.5255296,-0.3736056,0.3982962,-0.99664086,-1.6216635,-0.7257693,2.1156518,-1.3068455,0.21822518,-0.45973063,-1.1023045,0.38885292,-1.2684326,0.298382,-0.2591481,-1.4951609,-1.0153098,1.8528467,-1.020233,0.5816166,-1.448394,0.993538,0.647929,-1.0310036,-1.1153356
brazil_16_248,0,brazil,0.09373454,-1.0529085,-0.3789114,-0.16821676,-0.047693074,-0.017726943,0.2768763,0.7280092,0.22434816,-0.09972947,-1.1242056,0.32497406,0.03700256,0.033584863,0.6710397,-0.04799874,0.13975874,0.06069362,-0.83538944,0.05026272,-0.012979566,-0.9631587,1.0128437,0.35442072,0.4227682,0.34651288,0.9061515,0.70751333,0.24410194,0.114842296,-0.41351235,0.15119363,0.46988386,0.573272,0.2530835,-0.35329047,0.21693191,0.6913138,-0.09729996,-0.20421499,-0.47649038,0.73103404,-0.2934613,-0.4030489,-0.22258237,1.2009802,-0.61791265,0.62443566,0.283517,-0.24519767,0.35954845,-0.17764597,0.4657939,-1.0902767,-0.96323097,0.18913826,0.5897178,-0.079010256,0.7977107,-1.4174117,0.46286106,0.06600535,-1.0734652,-0.3811382
brazil_71_77,1,brazil,-0.84862363,-1.6375113,0.6087482,0.42189136,-0.48014817,-1.1125778,1.2834281,1.1838448,0.90815663,1.1182523,-0.5773332,1.1329768,1.3065956,1.1639822,0.14775442,-0.8645727,-1.0755553,1.1529784,-1.4525731,-1.0473613,0.45156434,-0.61758816,0.81211567,0.9405066,0.95598,-0.7265038,0.22332557,1.4936666,1.0522017,-0.31671998,0.90165067,0.93771213,-0.12422152,1.3098534,-1.297152,1.1597366,1.9076437,-0.09847091,0.46909434,-0.6405862,-0.36382872,0.644859,0.15140112,0.51774657,1.2746118,-0.37518835,0.70951486,1.9900327,1.3213353,1.0745527,-0.15298697,-0.170664,0.35274446,-0.7285962,0.11561766,1.5222442,-1.1479491,0.4809412,2.0073614,-0.6335009,-0.4937,-0.19919445,0.026805526,0.88994014
brazil_72_81,1,brazil,-1.3063444,-0.92882836,1.0672319,1.5485958,-0.5670941,-1.7265824,1.5889865,1.9254757,1.3791353,2.0798156,-0.63216317,1.1013885,1.9715806,0.4540121,-0.08439623,-1.6020762,-1.8415968,1.8070819,-0.90565324,-1.4237456,1.4708029,-0.16846335,0.007523299,1.1984687,1.2543479,-0.9213371,-0.68876016,2.0563064,1.3463453,-1.2102565,0.87831765,0.9536273,0.12150465,1.0440838,-0.44218254,1.4823322,1.9894162,-0.40605438,1.266619,-1.1293074,-1.0581721,0.5966403,1.5386982,1.8371009,2.3825953,-0.048001237,0.8961802,1.9389291,1.5622048,0.9103082,-0.9203609,0.6059085,-0.96393216,-0.7390256,-0.039719038,1.5625442,-2.0077994,2.2067995,2.5384052,-0.3341315,-1.1513735,-0.68825334,0.08181686,2.408235
brazil_50_101,0,brazil,-0.5586683,-1.195823,-0.34916458,0.7790911,0.31727284,-0.2593256,1.1552798,0.036963202,1.0374851,1.1417866,-0.17345393,0.57281166,0.2195217,1.2662086,-1.431257,0.30818295,-1.9501655,1.114129,-0.6639133,-0.0024729436,0.42531168,0.3101468,0.17207873,1.405857,0.7495665,-0.790436,0.19142975,0.7608924,-0.22785793,0.38614386,-0.8085031,0.3124694,0.4939732,0.6743646,-0.35224962,0.4736658,1.1051446,-0.24944285,-0.7947652,-0.6708313,-0.1492358,1.305554,0.22339499,0.68669564,0.67671293,0.3826576,0.24996842,0.49891296,-0.5996959,-0.42259574,0.061919183,-0.3884267,-0.4585351,-0.239624,0.8857086,0.7393402,-0.08125927,1.5765773,1.9577576,0.4399302,0.09801922,-0.14826691,-1.2209762,0.35074565
brazil_71_79,1,brazil,-1.0525877,0.7886936,1.1178303,0.67883307,-0.9370765,-0.81262106,0.51126903,-0.22191356,-0.18434618,-0.4131328,1.1794846,0.04801847,-0.022551406,0.21803127,-0.4268518,0.29123664,-0.47398436,-1.0356673,1.5893003,-0.061073832,1.1390423,-0.010000127,0.17052011,0.35985953,0.32728308,0.18733606,-0.7630658,-0.099446446,-0.5608198,-0.6744062,0.68720174,-0.78018254,0.3869483,-0.24394739,-0.53180504,1.1274161,0.21029201,1.4500983,0.13294035,-2.0598986,0.17190315,1.8420095,-0.19486007,0.73192877,-0.08226535,-0.26739144,-1.1740797,0.46162218,0.57744193,-0.21288589,1.3535852,1.1579745,-1.6148214,0.11429945,0.5834972,0.67869824,-0.020535689,0.08919389,2.8787637,0.50808215,-0.13983144,-1.6954765,0.88566136,0.65210205
brazil_71_74,1,brazil,-0.8578311,-0.11026882,1.334611,2.1263773,-2.2813046,-1.7834541,1.8182836,2.4853127,2.2570848,1.368435,-0.091102526,1.9007106,1.516007,2.0914915,-0.42580155,-1.280808,-2.5166125,0.87455076,-0.2579694,-2.6145713,1.3938061,1.2434629,0.5799553,1.0290295,1.867894,-1.7943974,-1.0210536,1.7380803,0.8052492,-0.60510737,2.9965816,1.5205774,-1.6232535,1.1727515,-1.3670444,1.5967377,2.3784266,-0.6354738,1.3477652,-1.7036678,-0.67411864,0.3230713,0.912656,2.349062,0.79871327,-0.6948819,0.9841963,1.1013632,1.4278225,1.363783,0.20399386,2.2205114,-1.0992916,-0.22712165,1.1081401,1.7951925,-0.23585434,1.6631534,2.7694776,1.2507709,-1.8645358,-2.363341,2.3418932,2.2422566
brazil_79_137,0,brazil,0.6548897,-0.9983092,-0.15003769,0.89796674,0.41688976,-0.5297606,0.8252309,0.3768658,-0.4921332,-0.0761251,0.6923011,0.3145355,0.85911155,-0.5757124,0.25295854,-0.13418092,-0.0904031,-0.24818411,0.5255898,-0.1105649,0.109758936,-0.16490099,0.34860152,0.6167478,0.7098199,0.2823008,0.14358175,0.076167665,0.096880026,-0.27811489,0.20125042,-0.70209527,1.119166,-1.349794,-0.036180034,0.106990784,0.56406283,1.0785662,-0.45010266,-0.2473277,-0.13988298,0.026731811,-1.0796293,-0.4662494,0.62360555,0.7502017,0.01882887,0.22432636,0.0762504,-0.15524414,1.1674601,-0.7134244,-1.4651692,0.6362497,-1.1657841,-0.05714728,0.6084576,0.15255724,-0.13026486,-0.67741483,-0.5433057,0.50934404,-0.20418325,0.25507218
brazil_71_268,0,brazil,-0.309996,-1.4880105,-1.0349687,-0.33079726,-0.28016496,0.60357064,-0.9922452,1.612635,0.537059,0.29345617,-2.9007938,-0.18773212,1.1589673,2.3833106,-0.23967366,0.6476655,-0.6939498,1.4107887,-0.31259546,1.5055314,1.0432044,0.29216042,-0.03724868,0.41962662,-0.62954104,-1.0965605,0.76794046,1.535938,0.26585454,-1.0783911,-0.2013425,-0.038871612,1.157393,-0.17269054,0.71314347,0.42998722,0.66874325,-0.7931758,-1.0948664,-0.8160029,0.84472984,1.8760811,-0.6404035,0.23669654,0.5141697,1.2035182,1.3733459,0.05786679,0.17602733,-0.65687305,-0.92942977,0.32515547,0.502869,-0.47536737,-1.9620091,-1.2350947,0.4932934,2.5283427,1.4905566,-0.3496017,0.7483871,0.26947847,0.15399927,0.49299574
brazil_69_71,1,brazil,-1.1275331,-1.7318804,0.10732556,0.6630612,-0.14077066,-1.030484,1.1099997,0.94030017,1.4178737,2.2428024,-0.05787872,0.5123562,0.9045844,1.7248621,-1.5308104,-0.36860487,-1.4867524,0.9535304,-0.8767888,-1.589558,0.32995242,0.26012164,-0.43843293,1.2270843,1.6251785,-0.80929947,-0.35871327,1.6282902,0.43232268,0.69853586,0.5401703,0.52181375,-0.12143654,1.0455062,-1.9598042,1.3000134,2.583707,-0.2844348,-0.7060426,-1.3331954,-0.13999246,1.5906183,0.4691903,0.8270028,1.5434673,-0.7885583,0.79654646,1.1852576,0.12002588,0.21839474,-0.57700074,-0.059666857,0.8107165,-0.5156279,1.4411894,2.2674272,-0.83979166,1.0025413,1.1519275,0.085396916,-0.7545976,-0.16918622,0.55101687,0.88092697
brazil_81_221,0,brazil,-0.38979274,-1.2326734,-0.31531584,0.041588113,-0.13939507,-0.34740192,0.7624465,0.73281914,0.46521235,0.46604934,-0.9527509,0.5865089,0.41717556,0.32252783,0.6577897,-0.23957838,-0.23019058,0.5953704,-0.8828379,-0.64707476,0.24325627,-0.9829274,0.8776559,0.37220228,0.74431044,0.038279817,0.72113144,1.3376272,0.5722044,0.023649238,0.11800631,0.37890542,-0.02352239,0.69638085,-0.077245995,-0.11792289,0.68039936,0.86866593,0.0880432,-0.20418492,-0.6746884,0.8780353,-0.2644687,0.0103804,0.44660515,0.6022102,-0.5261018,0.8858175,0.6311202,0.010328337,0.26802155,0.23846515,0.4385845,-0.7700805,-0.30062366,0.8549432,0.0021850765,0.10909207,0.9043541,-1.2867266,0.015021318,0.30506796,-0.8700676,-0.33340082
brazil_78_262,1,brazil,-0.6490419,-0.67917347,0.49982634,1.6862897,-1.2575005,-0.7005265,1.489142,0.64009106,1.734483,2.138366,-0.99362814,1.4351171,1.5997177,2.4785616,-0.89190924,-1.1595279,-2.7528453,2.5803542,-1.2574036,-0.9006229,0.74452394,1.2039537,-0.9154927,1.2532521,1.4288089,-1.5859406,-0.15996578,1.3396986,0.8774576,-0.7062927,-0.02348005,0.50626826,0.6007451,0.69265074,-1.2279212,1.5687791,2.0902736,-1.2545216,1.3920661,-1.1117375,-0.3024524,0.7168794,-0.38328645,0.9051457,1.8682966,-0.67576206,1.0568508,1.5567542,-0.061863434,0.7945865,-1.3855785,-0.07052716,0.09484648,-1.0956355,1.4352114,0.5760922,-0.52602017,2.4032292,2.4902513,0.69415796,-1.6134862,-1.8696917,0.54567957,1.9399282
brazil_76_170,0,brazil,1.0912558,-0.49977475,-0.5312461,0.1632239,-0.32279575,0.34474474,-0.04296447,-0.04092338,-0.038597543,-0.53379595,0.17656802,-0.35657722,-0.26764792,-0.29067743,0.3586643,-0.050019823,0.81941944,-0.3548433,-0.69560707,0.6926995,-0.4789472,-0.9161765,1.2088977,0.47547758,-0.7688654,0.7814712,0.71657413,-0.72188,0.016626088,0.35236695,-0.30912137,-0.6210177,0.5889976,0.106948316,0.0017646132,-0.07580483,-0.008849971,1.4315388,0.12298532,-0.7427751,-0.7316847,0.09928353,-0.8159846,-1.2090826,-0.3437282,1.9067302,-0.7340615,0.68036044,0.03472381,-0.49997768,0.16181684,-1.1615456,0.24698612,-0.26085317,-1.616098,-0.71982706,1.4648479,-0.37761122,1.1198136,-1.4637485,0.20574535,0.40596834,-0.66463786,-0.75361717
brazil_79_170,0,brazil,-0.14611547,-1.0005568,-0.3101609,-0.015225476,0.14522693,-0.2651373,0.6484348,0.8044317,0.25156182,-0.15742017,-1.101343,0.73233366,0.75685465,-0.022033744,0.50204295,-0.15497337,-0.3754142,0.38558474,-0.2117762,0.11953664,0.36466593,-0.68351233,0.7522881,0.12940419,0.28032473,0.26213887,0.74832696,0.5751477,0.21868177,0.07149369,0.31828025,0.06542251,0.360885,0.10909365,0.40642184,-0.05299023,0.3276463,0.3773016,0.2926526,-0.34868416,-0.68238807,0.71839786,-0.22664611,-0.34628212,-0.27444422,0.9589386,-0.1686707,0.39937812,0.34673524,0.022693332,0.31433854,-0.08094824,0.3039388,-0.6949703,-0.8425696,0.087374195,0.39235872,0.24527109,0.7024365,-1.269808,0.15739101,-0.108110785,-0.80206084,0.13240622
brazil_69_79,1,brazil,-0.104983754,-0.015814995,0.870677,2.0785544,-0.9369358,-1.3511025,1.5938301,1.9603322,0.5662159,1.6323819,0.9516084,0.5859016,1.6077244,0.503689,-0.29043654,-0.56365067,-1.2526164,0.70698416,-0.6669721,-0.9942509,1.3993822,0.7608441,-0.024055276,1.7710544,0.8036133,-1.2988735,-1.0829037,0.943382,0.9448079,-1.5487499,0.90874,0.16427621,2.0199409,-0.0077938493,-1.3882616,2.2277796,1.6352774,0.13638465,0.7003049,-0.9539541,-0.50898075,-0.23102507,0.7692641,1.246771,2.4569101,-0.22020766,-0.39245662,1.4470915,1.0151775,0.63277584,0.095247865,0.40030265,-2.285044,-0.2341855,0.17346664,1.0855225,-0.8997712,1.7323232,2.4648564,0.8376432,-1.7249581,-0.8314118,0.7323611,1.9176086
brazil_69_77,1,brazil,-1.2567029,-1.8706396,0.05348847,0.7946212,-0.28896126,-0.8447436,1.1325815,0.88740987,0.6620453,0.82439375,0.24956463,0.59461784,0.7293595,1.1607065,-0.7764395,-0.8771892,-1.3888294,0.9795408,-0.07632462,-0.91294694,1.3451082,-0.46030653,-0.24303682,0.40837976,1.349659,-0.15325357,-0.004642077,1.1462443,-0.24910586,0.41928375,0.93851495,0.74013853,0.13227399,0.54300624,-0.47645527,-0.02784326,1.5338901,0.3782994,0.106265895,-0.29834104,-1.0720863,0.52525896,-0.13768369,1.255295,1.251949,-0.1498672,-0.2830299,0.18136609,-0.122484826,0.12754071,0.9678689,0.02257248,0.45438334,0.21537581,1.0600334,1.6495126,-0.85030514,-0.24170378,1.4604685,-0.32765839,-0.43816084,-0.041612215,0.20938209,0.5237598
brazil_2_69,1,brazil,-0.11168064,-1.1754696,0.023090106,1.1185479,-0.0102291275,-0.4863866,0.8130484,0.72538733,0.5877011,-0.6041636,-0.014119477,0.78067017,0.89038247,-0.91235614,0.6416044,0.37413058,0.1518027,0.42190704,0.42656702,0.054971732,0.1883766,0.05424608,1.1430848,0.14025134,-0.18367189,-0.4009076,0.06157217,-0.08768795,0.09717355,0.28024876,0.92694026,-0.4132828,0.62517387,0.13284124,-0.1447586,0.8230091,0.3790441,1.059279,0.048088554,-0.18450315,-1.0820317,0.75900847,-0.6562871,-1.0193213,-0.7323764,0.64523005,-0.82289577,-0.61984414,-0.24161409,0.53403527,1.3229533,-0.22818704,-0.07365812,-0.76521444,0.16301991,-0.33770442,0.69045335,-0.4558952,0.72269315,-0.92076474,-0.35152465,-0.35765263,-0.37926984,-0.25551653
brazil_71_84,1,brazil,0.09288043,-0.54840654,-0.28180495,1.7578913,0.08781687,-0.9701619,1.3914212,0.22605658,0.41307577,0.6027573,-0.20230658,0.3020926,1.0520501,1.19849,-0.34057972,-0.40159702,-2.273274,0.6248767,-1.3781099,-0.96597284,0.64482886,0.6734639,-0.5719108,1.7275803,0.95397156,-1.1786072,0.17145103,1.0966392,0.3711486,-0.7389734,0.003751209,0.43372276,0.7129037,-0.06198722,-0.23332384,0.6683083,0.65064925,-0.52000374,0.71598816,-1.290436,-1.1770738,0.46383506,0.79504544,1.5852311,1.5247933,-0.122772716,0.7143849,0.7957614,-0.17770338,-0.08832942,-0.1797667,-0.5904826,-1.2921835,0.21011746,0.47710785,1.7753781,-0.41276315,2.2818022,2.8961663,0.8808026,-1.0517544,-0.29082432,-0.39097217,1.2803593
brazil_72_73,1,brazil,-0.541781,-1.290971,-0.6274589,0.6033102,-0.23230524,0.04240395,0.4934435,0.9616386,0.81408054,0.77284616,-0.84835714,0.49998182,0.19120507,0.71806794,1.0455508,0.22265339,-0.15430461,1.3769523,-0.7887282,0.059375957,0.049099397,-0.36993748,0.18428558,0.8929074,0.2956101,-0.8695523,0.7348409,0.7486294,-0.29346472,-0.484101,-0.27754045,0.12336792,0.0803407,0.5810788,-0.70698345,0.027876262,0.44365373,0.104962334,-0.044117104,0.1425708,0.6291865,1.9012609,-0.84082824,-0.24863711,0.121993974,0.5715963,0.25404692,-0.18827529,-0.28403792,0.3595658,0.06731657,-0.27303377,0.54291594,-0.88138634,-0.612136,-0.4166546,0.47157294,0.28722626,0.9189087,-0.69490737,0.19475895,0.11409338,-0.7150729,-0.4495551
brazil_71_72,1,brazil,-1.4927924,-1.2319089,0.38859546,0.7463906,-0.41345826,-0.7754873,1.0631473,0.6976817,1.5968258,1.4229668,-1.7260075,1.245246,1.2430155,1.7672071,0.3643328,-0.72988886,-1.8522705,1.765163,-0.8419314,-1.467353,1.275533,-0.083682746,0.5840975,0.79745364,1.2402114,-0.77255857,0.6654537,2.3867319,0.61318046,-0.91002434,0.71454185,1.4010661,-0.34797847,0.3340664,-0.42958304,0.66843593,1.6271526,-0.15701154,0.51609486,-1.2109197,0.035743356,0.61227936,0.029305223,0.8297383,0.8096731,0.017496089,1.463013,1.7872947,0.99520284,0.47631857,-0.49965134,0.49311653,0.5207333,-1.0682751,0.4559893,0.85204095,-0.5202136,1.5417708,1.972459,-0.101385266,-0.99567646,-0.07640757,0.22830233,0.7399331
brazil_68_71,1,brazil,-0.5607828,-1.7265606,2.0066278,2.3626025,-2.3690004,-2.3717465,3.053635,2.9816396,3.3685215,1.1257066,-0.33810952,2.2639906,1.5895602,1.2455317,-0.39198807,-1.3672328,-1.16924,0.60717595,-0.58353096,-0.9705972,1.0844867,0.86569524,0.98824847,1.2366564,0.7589222,-2.236645,-1.4647751,1.5934533,0.97786885,-0.056965698,3.298965,1.29542,-1.3469555,1.3600768,-2.0149314,1.8414607,2.3977427,-0.86877215,1.9047338,-0.19767916,-0.6503227,0.16284457,0.3988499,1.263249,1.6611724,-0.36828074,2.2456574,0.3121524,1.9062274,2.9147835,0.64119434,1.7544627,-1.0332441,-1.1937693,1.4035612,1.1814364,-0.5540531,1.057419,2.6258693,0.71040636,-2.2145581,-2.1100497,2.02392,1.8585216
brazil_76_262,1,brazil,0.5454932,-0.4541253,-0.60316306,0.0818363,0.69131315,0.9326181,0.18332419,0.43856302,0.55032545,0.022524621,-0.7463774,-0.06292713,0.13764092,0.962762,0.3972264,0.38345167,-0.52376497,0.10230841,-0.9458739,-0.03681182,-0.19851986,0.027230341,0.41761884,0.87724197,0.16688572,-0.4900237,1.3233807,0.026403729,0.19515987,0.23776378,-0.77818525,-0.11428146,0.7149023,-0.12280852,0.40631524,-0.11199249,0.086547315,-0.18828177,0.019067472,-0.1060361,-0.2365446,0.86523366,-0.29643995,0.020454794,-0.18432097,1.0600142,0.23623618,0.09828927,-0.6439643,-0.70288163,-0.4012865,-1.068921,0.04441008,-0.2558463,-0.29657194,-0.6078896,0.62860465,1.2580361,1.1971163,-0.08576777,0.46988362,-0.18515667,-0.74015,0.28959712
brazil_69_262,1,brazil,-0.4312144,-1.3502074,1.0729663,1.1798562,-1.0876477,-1.3922482,1.7969941,1.9127511,1.598849,0.9490999,-1.3034784,1.8077227,1.0048907,0.8673918,0.7616059,-0.9056785,-1.2778045,0.41978398,-0.40525237,-0.9124158,0.3554853,-0.2555706,0.6459149,0.35942885,1.001469,-1.0240045,-0.38873783,1.7415992,0.5924486,-0.07131868,1.809224,0.8972491,0.18641849,0.8025265,-1.0247842,0.86221033,1.6812321,-0.34467816,1.4258975,-0.9865894,-0.99821055,0.39517877,0.3843177,0.95246035,0.6482975,0.07472927,1.0408059,0.6828372,1.6677209,1.4515054,1.2263442,0.45551428,-0.8857937,-0.35613686,-0.038346734,1.5068899,-0.82034147,0.89651185,1.8329709,0.03480007,-1.2958572,-0.64210385,0.5801633,0.80116796
brazil_72_262,1,brazil,-0.070695594,-1.237528,-0.377845,0.016068727,-0.1589064,-0.119735695,0.59239,1.036211,0.515243,0.04943358,-1.4956822,0.71632266,0.37050298,0.068702325,1.0206149,-0.18932787,-0.16547552,0.43106854,-0.8416884,-0.26894006,0.3141043,-1.0755223,1.246607,0.46110684,0.6666173,0.26985928,0.98000413,1.0793549,0.4290876,0.107740775,-0.12888521,0.4825419,0.3841397,0.70322514,0.27002698,-0.30742124,0.48681402,0.8260245,0.07212712,-0.01759141,-0.6061594,0.84643376,-0.11958911,-0.12786266,-0.013389738,1.3443633,-0.4704202,0.88327044,0.82365406,-0.25012156,0.20706087,0.20447177,0.48764518,-1.0210544,-0.98329645,0.42293167,0.3356141,0.18600278,1.0127776,-1.6506265,0.19400854,0.4001731,-1.1464243,-0.28313303
brazil_71_262,1,brazil,-0.8891295,-1.2702383,0.6862109,1.437861,-0.7836896,-1.9814883,1.3005837,0.6813009,0.8597418,0.94538045,1.9218649,1.2087914,1.0742213,0.377746,0.26422983,-1.0598384,-1.1437855,1.3747572,0.4493053,-0.25641006,0.69149315,0.19299756,0.5634179,0.9839808,0.67244357,-0.14205712,-0.76818013,1.098113,0.11241727,-1.6728789,0.49481174,0.31248632,0.0028546695,0.23342413,-0.39786363,0.8152718,2.182417,0.22286257,0.1325463,-1.1281235,0.3136437,-0.016551096,0.32304728,1.1209855,1.5018387,-0.20941758,0.09613558,1.3920163,1.4997045,0.2330813,0.15545389,0.7714053,-1.4914309,-0.82566196,-0.08040814,0.6081282,-0.74113446,1.4948843,2.2876463,-0.42373323,-0.70576924,-0.48269832,0.16580051,1.4205948
brazil_69_78,1,brazil,-0.3118949,-1.5481334,0.7684637,0.74006736,0.10975724,-0.743485,1.1304892,1.0420101,1.3642514,0.98442596,-1.5764166,1.7641978,0.7079915,0.9320333,0.66577315,-1.1723891,-1.3435938,0.63497305,-0.8776858,-1.5126431,0.69687533,-0.18454227,0.38683686,0.13415095,0.8395918,-0.38245574,0.2283096,2.1852136,0.6900552,0.09353158,0.7517995,1.4272039,-0.062371526,0.7097169,-0.47514847,0.62119174,1.9774739,-0.27593055,1.2702291,-0.65230805,-0.49792624,0.16981481,0.85709524,0.95194143,0.93922454,-0.2373501,1.0341705,1.7682558,1.2005128,0.3381754,0.109919846,-0.38259763,-0.34068862,-1.0889493,0.25550994,1.0587336,-0.68107355,0.8933817,1.7003078,-0.30912203,-0.889584,0.22013594,-0.09451173,0.64493984
brazil_75_83,1,brazil,-0.18533051,-1.1185417,0.054544296,0.30226102,-0.16788436,-0.38239583,0.5795446,1.0082741,0.6407389,0.27619022,-1.2856282,0.6354324,0.74350286,0.18221338,0.7654211,-0.4365085,-0.3060999,0.63641644,-1.021929,-0.57586944,0.3949955,-0.799881,0.9508187,0.447661,0.40165272,-0.07955739,0.61339074,1.2373332,0.5903806,-0.100617774,0.29290995,0.587875,0.14670222,0.5930224,-0.118867934,0.06481737,0.7769184,0.46982658,0.38447872,-0.13148728,-0.8526769,0.4660924,-0.094579786,-0.072879426,0.28100735,1.0841516,-0.010158684,0.92219764,0.785557,0.17201458,0.03184441,0.06487688,0.3271913,-0.69204223,-0.6983931,0.37717855,0.028719194,0.49099952,1.0259912,-1.2743673,0.026964452,0.066857144,-0.69779986,0.09149222
